date,inn,count,outs,trackmanPitchUID,TrackmanGameID,playGuid,TeamId,GameID,ContactY,ContactX,CThrowDownLineDist,ContactZ,PickAttBase,SBA2,SBA3,CTimeToBase,CThrowBase,CExchTime,CThrowHeight,CThrowSpd,DelivTime,ForwVel,HangTime,BrkY,SB3,SB2,xWOBA,LandAng,ABResult,xSLG,xISO,xAVG,PitchHand,BatterHand,PopTime,PlayDesc,ManOn2nd,ManOn3rd,ManOn1st,PZNorm,PXNorm,Tilt,SpinDir,RelX,RelZ,HorzRelAngle,HorzApprAngle,VertRelAngle,VertApprAngle,IndVertBrk,HRDst,HorzBrk,FBDst,ExitDir,Extension,pitcher,batter,type,pitchResult,Vel,Spin,ExitVel,LaunchAng,pCallStrk%
2025-05-20 01:00:00,Bot 1,0-0,1,dcbd4020-3588-11f0-a93f-c16a47c07950,20250520-HooverMetropolitan-1,257794396-pix-682e06ef982b80da2c766164-873-886,730206976,257794396,-,-,-,-,0,,,-,0,-,-,-,-,-,-,-,,,-,-,BB,-,-,-,R,R,-,,,,,-0.12500571428571408,1.4182023529411762,1:57,238.4,-27.6,66.1,-4.98,-2.27,-1.60,-5.39,10.2,-,14.9,-,-,6.89,Horn,Lebron,Splitter,Strike Looking,95.2,2149.1,-,-,78.4%
2025-05-20 01:00:00,Bot 1,0-1,1,e6a6f090-3588-11f0-a93f-c16a47c07950,20250520-HooverMetropolitan-1,257794396-pix-682e06ef982b80da2c766164-894-903,730206976,257794396,-,-,-,-,0,,,-,0,-,-,-,-,-,-,-,,,-,-,BB,-,-,-,R,R,-,,,,,-0.60776,0.2602729411764706,9:07,93.5,-26.7,65.3,-1.60,-3.67,-0.48,-7.29,1.9,-,-11.3,-,-,6.69,Horn,Lebron,Slider,Strike Looking,84.2,2021.3,-,-,97.9%
2025-05-20 01:00:00,Bot 1,0-2,1,f177f3c0-3588-11f0-a93f-c16a47c07950,20250520-HooverMetropolitan-1,257794396-pix-682e06ef982b80da2c766164-911-921,730206976,257794396,-,-,-,-,0,,,-,0,-,-,-,-,-,-,-,,,-,-,BB,-,-,-,R,R,-,,,,,-2.0428,3.106757647058823,7:39,49.4,-25.9,66.3,-4.10,-5.38,-1.42,-9.18,-4.9,-,-7.0,-,-,6.58,Horn,Lebron,Slider,Ball,85.8,2263.8,-,-,0.0%
2025-05-20 01:00:00,Bot 1,1-2,1,ff6c08e0-3588-11f0-a93f-c16a47c07950,20250520-HooverMetropolitan-1,257794396-pix-682e06ef982b80da2c766164-929-944,730206976,257794396,-,-,-,-,0,,,-,0,-,-,-,-,-,-,-,,,-,-,BB,-,-,-,R,R,-,,,,,-0.9642285714285713,1.6339764705882351,8:13,66.4,-28.6,65.4,-2.69,-5.02,-0.28,-8.13,-4.5,-,-12.8,-,-,6.49,Horn,Lebron,Slider,Ball,84.8,2225.0,-,-,11.0%
2025-05-20 01:00:00,Bot 1,2-2,1,0aabac60-3589-11f0-a93f-c16a47c07950,20250520-HooverMetropolitan-1,257794396-pix-682e06ef982b80da2c766164-952-963,730206976,257794396,-,-,-,-,0,,,-,0,-,-,-,-,-,-,-,,,-,-,BB,-,-,-,R,R,-,,,,,-0.7648114285714287,1.1889176470588234,1:37,228.7,-25.4,66.3,-4.53,-1.97,-2.67,-5.56,13.2,-,14.0,-,-,7.00,Horn,Lebron,Fastball,Ball,97.6,2202.5,-,-,81.5%
2025-05-20 01:00:00,Bot 1,3-2,1,16a8fa90-3589-11f0-a93f-c16a47c07950,20250520-HooverMetropolitan-1,257794396-pix-682e06ef982b80da2c766164-973-994,730206976,257794396,-,-,-,-,0,,,-,0,-,-,-,-,-,-,-,,,.697,-,BB,-,-,-,R,R,-,W,,,,-1.1961942857142858,0.4173458823529411,1:44,231.9,-27.3,65.6,-4.12,-1.53,-2.88,-6.08,12.0,-,14.1,-,-,7.05,Horn,Lebron,Fastball,Walk,96.6,2176.6,-,-,46.4%
2025-05-20 01:00:00,Bot 1,0-0,2,92420fc0-3589-11f0-a93f-c16a47c07950,20250520-HooverMetropolitan-1,257794396-pix-682e06ef982b80da2c766164-1177-1190,730206976,257794396,-,-,-,-,0,,,-,0,-,-,-,-,-,-,-,,,-,-,K,-,-,-,R,L,-,,1,,1,0.2903657142857143,0.8977411764705883,8:09,64.7,-30.1,64.7,-3.05,-3.84,0.63,-6.62,-0.8,-,-4.3,-,-,6.85,Horn,Hodo,Slider,Strike Looking,84.8,2130.3,-,-,92.4%
2025-05-20 01:00:00,Bot 1,0-1,2,9d249f20-3589-11f0-a93f-c16a47c07950,20250520-HooverMetropolitan-1,257794396-pix-682e06ef982b80da2c766164-1198-1210,730206976,257794396,-,-,-,-,0,,,-,0,-,-,-,-,-,-,-,,,-,-,K,-,-,-,R,L,-,,1,,1,-0.29497142857142883,0.9174494117647058,8:38,79.1,-26.9,65.4,-2.61,-3.72,-0.06,-7.16,0.1,-,-6.0,-,-,6.79,Horn,Hodo,Slider,Foul,84.8,2165.0,-,-,91.4%
2025-05-20 01:00:00,Bot 1,0-2,2,ae2223b0-3589-11f0-a93f-c16a47c07950,20250520-HooverMetropolitan-1,257794396-pix-682e06ef982b80da2c766164-1227-1238,730206976,257794396,-,-,-,-,0,,,-,0,-,-,-,-,-,-,-,,,-,-,K,-,-,-,R,L,-,,1,,1,-1.3233485714285713,0.9801599999999999,1:48,234.1,-26.1,66.2,-4.47,-1.85,-3.02,-6.28,11.3,-,14.3,-,-,7.06,Horn,Hodo,Fastball,Ball,97.3,2299.5,-,-,1.7%
2025-05-20 01:00:00,Bot 1,1-2,2,bc74d390-3589-11f0-a93f-c16a47c07950,20250520-HooverMetropolitan-1,257794396-pix-682e06ef982b80da2c766164-1251-1261,730206976,257794396,-,-,-,-,0,,,-,0,-,-,-,-,-,-,-,,,.000,-,K,.000,.000,.000,R,L,-,K/C,1,,1,-0.9588914285714285,-0.6252282352941176,1:20,220.2,-29.3,68.1,-3.35,-1.04,-3.20,-5.74,16.0,-,12.7,-,-,6.87,Horn,Hodo,Fastball,Strikeout (Looking),96.5,2282.1,-,-,79.0%
2025-05-20 01:00:00,Bot 1,0-0,1,2dfd6be0-3589-11f0-a93f-c16a47c07950,20250520-HooverMetropolitan-1,257794396-pix-682e06ef982b80da2c766164-1010-1022,730206976,257794396,-,-,-,-,0,,,-,0,-,-,-,-,-,-,-,,,-,-,FC,-,-,-,R,L,-,,,,1,-0.8220685714285713,1.7825929411764705,7:48,53.8,-28.6,65.8,-3.30,-4.67,-0.09,-8.17,-4.3,-,-7.5,-,-,6.77,Horn,Snell,Slider,Ball,83.2,2261.7,-,-,1.3%
2025-05-20 01:00:00,Bot 1,1-0,1,39ca3430-3589-11f0-a93f-c16a47c07950,20250520-HooverMetropolitan-1,257794396-pix-682e06ef982b80da2c766164-1030-1047,730206976,257794396,4.09,0.28,-,2.28,0,,,-,0,-,-,-,-,45.5,0.06s,-,,,.036,38.0,FC,.041,.001,.040,R,L,-,FC3.1X2(36),,,1,-0.5494171428571428,0.5241882352941176,1:45,232.5,-28.1,65.9,-4.12,-1.85,-2.13,-5.63,10.4,7.1,12.4,100.0,70.3,7.03,Horn,Snell,Fastball,Fielder's Choice,96.4,2166.4,51.3,-27.7,97.2%
2025-05-20 01:00:00,Bot 1,0-0,0,b164e810-3588-11f0-a93f-c16a47c07950,20250520-HooverMetropolitan-1,257794396-pix-682e06ef982b80da2c766164-804-813,730206976,257794396,-,-,-,-,0,,,-,0,-,-,-,-,-,-,-,,,-,-,IP_OUT,-,-,-,R,L,-,,,,,-0.7839542857142856,0.5346776470588235,1:55,237.3,-26.9,66.5,-4.09,-1.66,-2.21,-6.10,9.4,-,13.3,-,-,6.96,Horn,Fowler,Fastball,Strike Looking,94.5,2123.1,-,-,93.7%
2025-05-20 01:00:00,Bot 1,0-1,0,bb3b3790-3588-11f0-a93f-c16a47c07950,20250520-HooverMetropolitan-1,257794396-pix-682e06ef982b80da2c766164-819-829,730206976,257794396,-,-,-,-,0,,,-,0,-,-,-,-,-,-,-,,,-,-,IP_OUT,-,-,-,R,L,-,,,,,-0.7443428571428571,-0.5008376470588235,1:58,239.1,-27.1,67.2,-3.38,-0.79,-2.32,-6.03,9.3,-,14.1,-,-,6.89,Horn,Fowler,Fastball,Strike Looking,96.5,2193.6,-,-,94.4%
2025-05-20 01:00:00,Bot 1,0-2,0,c5484e80-3588-11f0-a93f-c16a47c07950,20250520-HooverMetropolitan-1,257794396-pix-682e06ef982b80da2c766164-837-849,730206976,257794396,0.29,-0.13,-,1.84,0,,,-,0,-,-,-,-,102.3,0.43s,-,,,.402,-8.0,IP_OUT,.460,.012,.449,R,L,-,63/G,,,,-0.6717828571428571,-0.23514352941176472,2:03,241.4,-28.4,65.3,-3.83,-0.98,-2.05,-5.81,9.5,61.0,15.7,140.9,-5.6,6.82,Horn,Fowler,Fastball,Ground Out,96.0,2196.9,102.3,0.9,97.6%
2025-05-20 01:00:00,Bot 1,0-0,2,55ad7c70-3589-11f0-a93f-c16a47c07950,20250520-HooverMetropolitan-1,257794396-pix-682e06ef982b80da2c766164-1075-1088,730206976,257794396,-,-,-,-,0,,,-,0,-,-,-,-,-,-,-,,,-,-,BB,-,-,-,R,R,-,,,,1,-0.4168685714285714,2.2278776470588233,1:36,228.2,-27.3,65.9,-5.41,-3.05,-2.15,-5.39,12.7,-,13.0,-,-,6.98,Horn,Bonomolo Jr.,Fastball,Ball,96.6,2140.5,-,-,0.0%
2025-05-20 01:00:00,Bot 1,1-0,2,613e7440-3589-11f0-a93f-c16a47c07950,20250520-HooverMetropolitan-1,257794396-pix-682e06ef982b80da2c766164-1098-1108,730206976,257794396,-,-,-,-,0,,,-,0,-,-,-,-,-,-,-,,,-,-,BB,-,-,-,R,R,-,,,,1,-0.5105142857142856,-1.9310541176470588,7:33,46.5,-28.3,65.0,-0.71,-1.46,0.27,-7.84,-2.5,-,-4.1,-,-,6.68,Horn,Bonomolo Jr.,Slider,Ball,81.8,2081.6,-,-,0.7%
2025-05-20 01:00:00,Bot 1,2-0,2,6f70cae0-3589-11f0-a93f-c16a47c07950,20250520-HooverMetropolitan-1,257794396-pix-682e06ef982b80da2c766164-1117-1132,730206976,257794396,-,-,-,-,0,,,-,0,-,-,-,-,-,-,-,,,-,-,BB,-,-,-,R,R,-,,,,1,-1.360377142857143,2.768145882352941,1:41,230.7,-27.1,66.3,-5.87,-3.39,-3.02,-6.38,12.2,-,13.6,-,-,7.04,Horn,Bonomolo Jr.,Fastball,Ball,95.8,2203.2,-,-,0.0%
2025-05-20 01:00:00,Bot 1,3-0,2,7d3b10e0-3589-11f0-a93f-c16a47c07950,20250520-HooverMetropolitan-1,257794396-pix-682e06ef982b80da2c766164-1146-1164,730206976,257794396,-,-,-,-,0,,,-,0,-,-,-,-,-,-,-,,,.697,-,BB,-,-,-,R,R,-,W.1-2,,,1,-1.4075314285714284,1.5878258823529412,1:17,218.4,-26.5,66.0,-4.63,-2.69,-3.25,-6.18,14.4,-,10.6,-,-,6.96,Horn,Bonomolo Jr.,Fastball,Walk,96.1,2225.5,-,-,7.2%
2025-05-20 01:00:00,Bot 2,0-0,1,71e9f650-358b-11f0-a93f-c16a47c07950,20250520-HooverMetropolitan-1,257794396-pix-682e06ef982b80da2c766164-1804-1820,730206976,257794396,1.07,-0.73,-,2.28,0,,,-,0,-,-,-,-,66.7,5.25s,-,,,.008,8.7,IP_OUT,.011,.003,.008,R,R,-,8/F,,,1,-0.2164685714285715,-1.051355294117647,7:39,49.6,-28.1,65.1,-1.28,-2.22,0.36,-7.38,-3.1,292.4,-5.1,292.4,-0.7,6.87,Horn,Staton,Slider,Fly Out,84.1,2221.0,87.4,40.3,90.0%
2025-05-20 01:00:00,Bot 2,0-0,1,0ee48930-358b-11f0-a93f-c16a47c07950,20250520-HooverMetropolitan-1,257794396-pix-682e06ef982b80da2c766164-1636-1649,730206976,257794396,-,-,-,-,0,,,-,0,-,-,-,-,-,-,-,,,-,-,S,-,-,-,R,L,-,,,,,-0.04105142857142852,1.1659764705882352,8:25,72.4,-28.6,64.8,-2.69,-4.34,0.47,-7.06,-1.7,-,-9.0,-,-,6.79,Horn,Neal,Slider,Strike Looking,83.7,2231.6,-,-,81.4%
2025-05-20 01:00:00,Bot 2,0-1,1,18cab730-358b-11f0-a93f-c16a47c07950,20250520-HooverMetropolitan-1,257794396-pix-682e06ef982b80da2c766164-1655-1665,730206976,257794396,-,-,-,-,0,,,-,0,-,-,-,-,-,-,-,,,-,-,S,-,-,-,R,L,-,,,,,-0.9539085714285714,0.0433835294117647,1:24,221.9,-28.5,66.1,-3.89,-1.37,-3.08,-5.49,16.3,-,13.8,-,-,6.83,Horn,Neal,Fastball,Ball,97.0,2290.0,-,-,79.9%
2025-05-20 01:00:00,Bot 2,1-1,1,227effc0-358b-11f0-a93f-c16a47c07950,20250520-HooverMetropolitan-1,257794396-pix-682e06ef982b80da2c766164-1672-1682,730206976,257794396,-,-,-,-,0,,,-,0,-,-,-,-,-,-,-,,,-,-,S,-,-,-,R,L,-,,,,,-0.14905142857142856,-0.3301976470588235,1:57,238.6,-29.4,65.0,-3.63,-1.24,-1.47,-5.36,8.9,-,13.1,-,-,6.91,Horn,Neal,Fastball,Strike Looking,95.3,2245.8,-,-,98.9%
2025-05-20 01:00:00,Bot 2,1-2,1,2c0c5f60-358b-11f0-a93f-c16a47c07950,20250520-HooverMetropolitan-1,257794396-pix-682e06ef982b80da2c766164-1686-1699,730206976,257794396,-,-,-,-,0,,,-,0,-,-,-,-,-,-,-,,,-,-,S,-,-,-,R,L,-,,,,,-2.5962400000000003,0.012945882352941175,8:18,69.0,-27.7,66.1,-1.55,-3.53,-2.01,-9.66,-3.1,-,-10.9,-,-,6.74,Horn,Neal,Slider,Ball,83.9,2204.0,-,-,0.0%
2025-05-20 01:00:00,Bot 2,2-2,1,398a3310-358b-11f0-a93f-c16a47c07950,20250520-HooverMetropolitan-1,257794396-pix-682e06ef982b80da2c766164-1708-1727,730206976,257794396,1.55,0.25,-,2.92,0,,,-,0,-,-,-,-,-,-,-,,,-,-,S,-,-,-,R,L,-,,,,,0.36798857142857144,0.39457411764705885,1:02,210.8,-27.8,66.5,-3.69,-2.00,-1.80,-4.32,16.6,-,9.3,-,-43.3,6.94,Horn,Neal,Fastball,Foul,95.9,2341.8,74.3,46.6,100.0%
2025-05-20 01:00:00,Bot 2,2-2,1,4d6b2880-358b-11f0-a93f-c16a47c07950,20250520-HooverMetropolitan-1,257794396-pix-682e06ef982b80da2c766164-1743-1753,730206976,257794396,-,-,-,-,0,,,-,0,-,-,-,-,-,-,-,,,-,-,S,-,-,-,R,L,-,,,,,0.8230171428571426,-0.7542635294117647,8:11,65.3,-30.3,65.3,-1.46,-2.89,1.36,-6.42,-2.4,-,-7.9,-,-,6.58,Horn,Neal,Slider,Ball,83.5,2091.3,-,-,85.2%
2025-05-20 01:00:00,Bot 2,3-2,1,5941b4d0-358b-11f0-a93f-c16a47c07950,20250520-HooverMetropolitan-1,257794396-pix-682e06ef982b80da2c766164-1763-1781,730206976,257794396,2.15,0.55,-,2.49,0,,,-,0,-,-,-,-,91.0,0.91s,-,,,.470,25.0,S,.545,.024,.521,R,L,-,S/9,,,,-0.0998742857142858,0.7884564705882353,1:18,218.9,-28.1,65.8,-4.09,-2.29,-1.95,-4.93,13.2,110.0,9.9,134.3,22.3,6.97,Horn,Neal,Fastball,Single on a Line Drive,96.9,2172.8,91.7,6.9,95.7%
2025-05-20 01:00:00,Bot 2,0-0,0,e5ac5200-358a-11f0-a93f-c16a47c07950,20250520-HooverMetropolitan-1,257794396-pix-682e06ef982b80da2c766164-1571-1580,730206976,257794396,-,-,-,-,0,,,-,0,-,-,-,-,-,-,-,,,-,-,IP_OUT,-,-,-,R,R,-,,,,,1.6768228571428574,2.4338682352941174,12:56,207.9,-26.8,70.6,-5.23,-3.45,-1.14,-3.25,19.5,-,9.8,-,-,6.96,Horn,Torres,Fastball,Ball,95.2,2341.9,-,-,0.0%
2025-05-20 01:00:00,Bot 2,1-0,0,ef1539b0-358a-11f0-a93f-c16a47c07950,20250520-HooverMetropolitan-1,257794396-pix-682e06ef982b80da2c766164-1585-1596,730206976,257794396,-,-,-,-,0,,,-,0,-,-,-,-,-,-,-,,,-,-,IP_OUT,-,-,-,R,R,-,,,,,-1.5779085714285714,0.7717270588235294,7:26,43.2,-27.2,67.5,-2.28,-3.83,-0.52,-9.42,-7.9,-,-8.5,-,-,6.41,Horn,Torres,Slider,Strike Swinging,82.3,2213.5,-,-,1.4%
2025-05-20 01:00:00,Bot 2,1-1,0,f9a03330-358a-11f0-a93f-c16a47c07950,20250520-HooverMetropolitan-1,257794396-pix-682e06ef982b80da2c766164-1604-1617,730206976,257794396,1.76,0.70,-,1.89,0,,,-,0,-,-,-,-,65.5,0.08s,-,,,.059,-4.0,IP_OUT,.066,.001,.066,R,R,-,63/G,,,,-0.7430171428571428,1.0406682352941177,7:59,59.7,-29.2,66.1,-2.81,-4.13,-0.18,-7.98,-3.0,9.1,-7.2,119.4,-10.9,6.75,Horn,Torres,Slider,Ground Out,83.4,2191.7,67.6,-14.3,84.6%
2025-05-20 01:00:00,Bot 2,0-0,2,917a6810-358b-11f0-a93f-c16a47c07950,20250520-HooverMetropolitan-1,257794396-pix-682e06ef982b80da2c766164-1858-1868,730206976,257794396,-,-,-,-,0,,,-,0,-,-,-,-,-,-,-,,,-,-,IP_OUT,-,-,-,R,R,-,,,,1,-0.6057942857142857,-0.4850541176470588,2:02,240.8,-27.9,66.3,-3.51,-0.83,-2.05,-5.88,9.1,-,14.7,-,-,6.92,Horn,Norton,Fastball,Strike Looking,95.6,1997.8,-,-,95.9%
2025-05-20 01:00:00,Bot 2,0-1,2,9ceadf90-358b-11f0-a93f-c16a47c07950,20250520-HooverMetropolitan-1,257794396-pix-682e06ef982b80da2c766164-1876-1891,730206976,257794396,1.49,0.67,-,1.88,0,,,-,0,-,-,-,-,73.9,4.12s,-,,,.058,-24.8,IP_OUT,.077,.020,.057,R,R,-,7/F,,,1,-0.7597714285714287,0.9302964705882353,8:41,80.3,-27.4,64.3,-2.22,-4.23,-0.22,-7.67,-0.7,295.1,-11.0,295.1,-22.6,6.81,Horn,Norton,Slider,Fly Out,83.0,2181.1,81.9,25.5,86.7%
2025-05-20 01:00:00,Bot 3,0-0,0,1f170ab0-358d-11f0-a93f-c16a47c07950,20250520-HooverMetropolitan-1,257794396-pix-682e06ef982b80da2c766164-2477-2487,730206976,257794396,-,-,-,-,0,,,-,0,-,-,-,-,-,-,-,,,-,-,BB,-,-,-,R,R,-,,,,1,-1.0905257142857143,1.198475294117647,7:10,35.0,-26.9,65.6,-2.92,-3.84,-0.11,-8.68,-5.7,-,-5.0,-,-,6.79,Horn,Lebron,Slider,Ball,82.9,2130.6,-,-,45.5%
2025-05-20 01:00:00,Bot 3,1-0,0,33a445b0-358d-11f0-a93f-c16a47c07950,20250520-HooverMetropolitan-1,257794396-pix-682e06ef982b80da2c766164-2512-2522,730206976,257794396,1.08,0.12,-,3.04,0,,,-,0,-,-,-,-,-,-,-,,,-,-,BB,-,-,-,R,R,-,,,,1,0.7607314285714283,0.266075294117647,1:27,223.3,-24.0,68.0,-3.44,-1.38,-1.17,-4.50,13.0,-,11.3,-,162.9,7.02,Horn,Lebron,Fastball,Foul,94.5,2204.0,78.4,20.9,95.8%
2025-05-20 01:00:00,Bot 3,1-1,0,42626190-358d-11f0-a93f-c16a47c07950,20250520-HooverMetropolitan-1,257794396-pix-682e06ef982b80da2c766164-2536-2548,730206976,257794396,-,-,3.3,-,0,1,,1.30,2,0.73,-1.09,77.9,-,-,-,-,,,-,-,BB,-,-,-,R,R,2.03,,,,1,-1.250422857142857,1.570376470588235,8:02,60.9,-25.7,64.7,-3.01,-4.12,-0.61,-8.27,-2.2,-,-6.1,-,-,6.81,Horn,Lebron,Slider,Ball,83.4,2209.6,-,-,5.8%
2025-05-20 01:00:00,Bot 3,2-1,1,65e03a20-358d-11f0-a93f-c16a47c07950,20250520-HooverMetropolitan-1,257794396-pix-682e06ef982b80da2c766164-2594-2605,730206976,257794396,-,-,-,-,0,,,-,0,-,-,-,-,-,-,-,,,-,-,BB,-,-,-,R,R,-,,,,,0.1469142857142859,1.6927623529411766,1:31,225.7,-24.4,67.9,-4.69,-2.41,-1.87,-4.92,13.1,-,12.5,-,-,6.98,Horn,Lebron,Fastball,Strike Looking,96.6,2290.4,-,-,40.2%
2025-05-20 01:00:00,Bot 3,2-2,1,6f7a9210-358d-11f0-a93f-c16a47c07950,20250520-HooverMetropolitan-1,257794396-pix-682e06ef982b80da2c766164-2610-2621,730206976,257794396,-,-,-,-,0,,,-,0,-,-,-,-,-,-,-,,,-,-,BB,-,-,-,R,R,-,,,,,-1.7865371428571428,0.986964705882353,1:33,226.4,-24.9,67.3,-4.14,-1.96,-3.64,-6.76,12.2,-,11.9,-,-,7.12,Horn,Lebron,Fastball,Ball,97.0,2228.6,-,-,1.4%
2025-05-20 01:00:00,Bot 3,3-2,1,7b307700-358d-11f0-a93f-c16a47c07950,20250520-HooverMetropolitan-1,257794396-pix-682e06ef982b80da2c766164-2630-2653,730206976,257794396,-,-,-,-,0,,,-,0,-,-,-,-,-,-,-,,,.697,-,BB,-,-,-,R,R,-,W,,,,-1.6661257142857142,1.1002870588235294,8:13,66.7,-27.0,64.7,-2.45,-4.16,-0.95,-8.67,-2.9,-,-9.4,-,-,6.57,Horn,Lebron,Slider,Walk,83.5,2190.9,-,-,1.3%
2025-05-20 01:00:00,Bot 3,0-0,2,057e0b20-358e-11f0-a93f-c16a47c07950,20250520-HooverMetropolitan-1,257794396-pix-682e06ef982b80da2c766164-2862-2874,730206976,257794396,-,-,-,-,0,,,-,0,-,-,-,-,-,-,-,,,-,-,BB,-,-,-,R,L,-,,1,,1,0.6101028571428573,1.1463529411764706,1:28,224.2,-27.5,67.6,-4.57,-2.24,-1.51,-4.35,14.0,-,12.8,-,-,7.01,Horn,Hodo,Fastball,Ball,96.6,2275.0,-,-,65.3%
2025-05-20 01:00:00,Bot 3,1-0,2,36df7e10-358e-11f0-a93f-c16a47c07950,20250520-HooverMetropolitan-1,257794396-pix-682e06ef982b80da2c766164-2943-2956,730206976,257794396,-,-,-,-,0,,,-,0,-,-,-,-,-,-,-,,,-,-,BB,-,-,-,R,L,-,,1,,1,-0.6952457142857144,1.126870588235294,8:37,78.3,-25.8,67.3,-2.15,-4.30,-0.30,-7.99,-1.2,-,-11.7,-,-,6.76,Horn,Hodo,Slider,Strike Looking,82.0,2238.0,-,-,76.8%
2025-05-20 01:00:00,Bot 3,1-1,2,42fe36f0-358e-11f0-a93f-c16a47c07950,20250520-HooverMetropolitan-1,257794396-pix-682e06ef982b80da2c766164-2965-2976,730206976,257794396,-,-,-,-,0,,,-,0,-,-,-,-,-,-,-,,,-,-,BB,-,-,-,R,L,-,,1,,1,-0.7352914285714286,0.30542117647058825,1:25,222.6,-24.9,67.3,-3.72,-1.33,-2.79,-5.61,15.1,-,13.1,-,-,7.07,Horn,Hodo,Fastball,Strike Looking,95.1,2259.4,-,-,95.7%
2025-05-20 01:00:00,Bot 3,1-2,2,4f8304a0-358e-11f0-a93f-c16a47c07950,20250520-HooverMetropolitan-1,257794396-pix-682e06ef982b80da2c766164-2987-2997,730206976,257794396,-,-,-,-,0,,,-,0,-,-,-,-,-,-,-,,,-,-,BB,-,-,-,R,L,-,,1,,1,-1.8318171428571428,0.7000658823529411,8:36,78.0,-27.5,67.3,-2.02,-4.06,-1.43,-8.97,-1.2,-,-11.2,-,-,6.56,Horn,Hodo,Slider,Ball,82.9,2132.6,-,-,1.3%
2025-05-20 01:00:00,Bot 3,2-2,2,62c82f40-358e-11f0-a93f-c16a47c07950,20250520-HooverMetropolitan-1,257794396-pix-682e06ef982b80da2c766164-3019-3030,730206976,257794396,-,-,-,-,0,,,-,0,-,-,-,-,-,-,-,,,-,-,BB,-,-,-,R,L,-,,1,,1,-0.9990742857142857,1.9167388235294118,9:00,90.0,-28.1,66.7,-3.35,-4.73,-0.88,-7.86,1.2,-,-7.6,-,-,6.71,Horn,Hodo,Slider,Ball,83.9,2145.7,-,-,0.6%
2025-05-20 01:00:00,Bot 3,3-2,2,718364f0-358e-11f0-a93f-c16a47c07950,20250520-HooverMetropolitan-1,257794396-pix-682e06ef982b80da2c766164-3044-3060,730206976,257794396,-,-,-,-,0,,,-,0,-,-,-,-,-,-,-,,,.697,-,BB,-,-,-,R,L,-,W.2-3;1-2,1,,1,-0.6798628571428572,1.7394070588235293,1:27,223.6,-27.5,66.5,-5.00,-2.76,-2.62,-5.54,13.9,-,12.3,-,-,7.10,Horn,Hodo,Fastball,Walk,96.7,2267.8,-,-,4.6%
2025-05-20 01:00:00,Bot 3,0-0,2,92129e80-358d-11f0-a93f-c16a47c07950,20250520-HooverMetropolitan-1,257794396-pix-682e06ef982b80da2c766164-2669-2679,730206976,257794396,-,-,-,-,0,,,-,0,-,-,-,-,-,-,-,,,-,-,IP_OUT,-,-,-,R,L,-,,,,1,-0.172662857142857,1.7206023529411765,1:31,225.5,-24.7,67.5,-4.85,-2.36,-2.29,-5.04,14.2,-,13.6,-,-,7.06,Horn,Snell,Fastball,Ball,96.8,2205.4,-,-,5.7%
2025-05-20 01:00:00,Bot 3,1-0,2,9e4ef180-358d-11f0-a93f-c16a47c07950,20250520-HooverMetropolitan-1,257794396-pix-682e06ef982b80da2c766164-2688-2704,730206976,257794396,1.05,0.35,-,2.82,0,,,-,0,-,-,-,-,92.6,0.46s,-,,,.313,41.0,IP_OUT,.438,.144,.294,R,L,-,3/G.1-2,,,1,0.14288000000000015,0.8405929411764704,1:23,221.4,-26.5,66.1,-4.12,-2.06,-1.76,-4.71,13.6,58.8,11.3,135.3,39.7,7.06,Horn,Snell,Fastball,Ground Out,95.6,2231.0,92.6,-0.1,96.7%
2025-05-20 01:00:00,Bot 3,0-0,2,895061a0-358e-11f0-a93f-c16a47c07950,20250520-HooverMetropolitan-1,257794396-pix-682e06ef982b80da2c766164-3085-3094,730206976,257794396,-,-,-,-,0,,,-,0,-,-,-,-,-,-,-,,,-,-,K,-,-,-,R,R,-,,1,1,1,0.5941600000000002,0.06465882352941177,1:34,227.0,-26.1,68.6,-3.61,-1.26,-1.45,-4.65,13.0,-,12.8,-,-,7.00,Horn,Torres,Fastball,Strike Looking,95.5,2194.9,-,-,96.7%
2025-05-20 01:00:00,Bot 3,0-1,2,94c10030-358e-11f0-a93f-c16a47c07950,20250520-HooverMetropolitan-1,257794396-pix-682e06ef982b80da2c766164-3103-3113,730206976,257794396,-,-,-,-,0,,,-,0,-,-,-,-,-,-,-,,,-,-,K,-,-,-,R,R,-,,1,1,1,-0.6774285714285716,0.7634258823529412,1:24,222.1,-23.9,68.4,-3.82,-1.74,-2.68,-5.81,13.7,-,11.4,-,-,6.99,Horn,Torres,Fastball,Strike Looking,95.2,2206.9,-,-,97.1%
2025-05-20 01:00:00,Bot 3,0-2,2,a1605ac0-358e-11f0-a93f-c16a47c07950,20250520-HooverMetropolitan-1,257794396-pix-682e06ef982b80da2c766164-3123-3136,730206976,257794396,-,-,-,-,0,,,-,0,-,-,-,-,-,-,-,,,.000,-,K,.000,.000,.000,R,R,-,K/S,1,1,1,-1.6981942857142855,0.640404705882353,7:53,56.4,-26.4,66.4,-2.02,-3.77,-0.95,-9.05,-5.1,-,-9.6,-,-,6.55,Horn,Torres,Slider,Strikeout (Swinging),84.4,2224.9,-,-,1.0%
2025-05-20 01:00:00,Bot 3,0-0,0,e7c90590-358c-11f0-a93f-c16a47c07950,20250520-HooverMetropolitan-1,257794396-pix-682e06ef982b80da2c766164-2383-2393,730206976,257794396,-,-,-,-,0,,,-,0,-,-,-,-,-,-,-,,,-,-,S,-,-,-,R,L,-,,,,,-0.300537142857143,-1.3400894117647058,1:39,229.6,-26.2,68.3,-2.63,-0.07,-2.12,-5.60,13.0,-,14.1,-,-,6.73,Horn,Fowler,Fastball,Strike Looking,93.5,2133.9,-,-,79.8%
2025-05-20 01:00:00,Bot 3,0-1,0,f3c67ad0-358c-11f0-a93f-c16a47c07950,20250520-HooverMetropolitan-1,257794396-pix-682e06ef982b80da2c766164-2399-2414,730206976,257794396,-,-,-,-,0,,,-,0,-,-,-,-,-,-,-,,,-,-,S,-,-,-,R,L,-,,,,,0.9530285714285712,0.04603764705882353,1:25,222.4,-26.4,66.4,-3.54,-1.35,-0.99,-4.00,14.1,-,12.0,-,-,6.84,Horn,Fowler,Fastball,Foul,95.7,2219.9,-,-,74.9%
2025-05-20 01:00:00,Bot 3,0-2,0,03f6c450-358d-11f0-a93f-c16a47c07950,20250520-HooverMetropolitan-1,257794396-pix-682e06ef982b80da2c766164-2430-2449,730206976,257794396,0.31,0.72,-,2.81,0,,,-,0,-,-,-,-,53.5,3.70s,-,,,.457,-30.4,S,.518,.005,.514,R,L,-,S/7,,,,0.3654285714285714,0.9887011764705882,1:08,213.9,-26.6,68.3,-4.15,-2.26,-1.98,-4.49,16.5,209.8,10.4,209.8,-20.2,6.94,Horn,Fowler,Fastball,Single on a Fly Ball,96.4,2166.2,66.4,36.3,84.3%
2025-05-20 01:00:00,Bot 3,0-0,2,b9869070-358d-11f0-a93f-c16a47c07950,20250520-HooverMetropolitan-1,257794396-pix-682e06ef982b80da2c766164-2736-2746,730206976,257794396,-,-,-,-,0,,,-,0,-,-,-,-,-,-,-,,,-,-,BB,-,-,-,R,R,-,,1,,,0.20637714285714281,4.004103529411765,9:00,90.1,-28.2,65.5,-4.68,-6.67,0.41,-6.67,1.2,-,-11.0,-,-,6.90,Horn,Bonomolo Jr.,Slider,Ball,83.3,2015.5,-,-,0.0%
2025-05-20 01:00:00,Bot 3,1-0,2,c7660c20-358d-11f0-a93f-c16a47c07950,20250520-HooverMetropolitan-1,257794396-pix-682e06ef982b80da2c766164-2759-2769,730206976,257794396,-,-,-,-,0,,,-,0,-,-,-,-,-,-,-,,,-,-,BB,-,-,-,R,R,-,,1,,,-1.1066057142857144,1.1785976470588235,9:03,91.4,-26.6,63.7,-2.31,-4.39,-0.74,-7.71,1.5,-,-11.4,-,-,6.92,Horn,Bonomolo Jr.,Slider,Ball,83.3,2097.0,-,-,39.3%
2025-05-20 01:00:00,Bot 3,2-0,2,d39e1960-358d-11f0-a93f-c16a47c07950,20250520-HooverMetropolitan-1,257794396-pix-682e06ef982b80da2c766164-2779-2790,730206976,257794396,-,-,-,-,0,,,-,0,-,-,-,-,-,-,-,,,-,-,BB,-,-,-,R,R,-,,1,,,-1.3355314285714286,2.4939105882352943,8:18,69.1,-27.0,64.8,-3.83,-4.97,-0.86,-8.20,-1.3,-,-6.2,-,-,6.92,Horn,Bonomolo Jr.,Slider,Strike Swinging,83.9,2079.8,-,-,0.0%
2025-05-20 01:00:00,Bot 3,2-1,2,e05bd160-358d-11f0-a93f-c16a47c07950,20250520-HooverMetropolitan-1,257794396-pix-682e06ef982b80da2c766164-2800-2810,730206976,257794396,-,-,-,-,0,,,-,0,-,-,-,-,-,-,-,,,-,-,BB,-,-,-,R,R,-,,1,,,-0.3257142857142859,1.6490117647058824,1:37,228.7,-23.7,67.0,-4.54,-2.36,-2.10,-5.42,11.3,-,12.0,-,-,6.98,Horn,Bonomolo Jr.,Fastball,Ball,96.5,2186.3,-,-,39.7%
2025-05-20 01:00:00,Bot 3,3-1,2,eee34ce0-358d-11f0-a93f-c16a47c07950,20250520-HooverMetropolitan-1,257794396-pix-682e06ef982b80da2c766164-2824-2842,730206976,257794396,-,-,-,-,0,,,-,0,-,-,-,-,-,-,-,,,.697,-,BB,-,-,-,R,R,-,W,1,,,-0.5854514285714286,2.238635294117647,8:32,75.9,-28.2,64.6,-3.61,-5.00,-0.17,-7.43,-0.8,-,-7.6,-,-,6.87,Horn,Bonomolo Jr.,Slider,Walk,83.9,2134.0,-,-,0.0%
2025-05-20 01:00:00,Bot 4,0-0,2,c7872150-3590-11f0-a93f-c16a47c07950,20250520-HooverMetropolitan-1,257794396-pix-682e06ef982b80da2c766164-3871-3883,730206976,257794396,-,-,-,-,0,,,-,0,-,-,-,-,-,-,-,,,-,-,S,-,-,-,L,R,-,,1,,1,0.3705371428571428,-0.7968141176470588,9:42,111.0,23.1,67.8,4.01,1.38,-0.24,-6.07,6.8,-,-14.6,-,-,6.30,Libbert,Lebron,Changeup,Strike Looking,85.1,1576.2,-,-,96.3%
2025-05-20 01:00:00,Bot 4,0-1,2,d1669890-3590-11f0-a93f-c16a47c07950,20250520-HooverMetropolitan-1,257794396-pix-682e06ef982b80da2c766164-3890-3907,730206976,257794396,0.65,0.85,-,3.64,0,,,-,0,-,-,-,-,-,-,-,,,-,-,S,-,-,-,L,R,-,,1,,1,0.6486285714285717,0.18300705882352938,10:36,137.8,21.9,68.4,2.98,0.67,-1.31,-4.52,15.3,-,-12.9,-,40.3,5.83,Libbert,Lebron,Fastball,Foul,93.4,2309.5,87.6,49.7,98.1%
2025-05-20 01:00:00,Bot 4,0-2,2,e508fe60-3590-11f0-a93f-c16a47c07950,20250520-HooverMetropolitan-1,257794396-pix-682e06ef982b80da2c766164-3923-3940,730206976,257794396,1.21,-0.21,-,2.57,0,,,-,0,-,-,-,-,82.2,2.25s,-,,,.877,-14.5,S,.990,.000,.990,L,R,-,S/7(RBI).2-H;1-3,1,,1,0.09042285714285724,-0.31130823529411766,1:20,219.9,23.1,67.4,1.78,2.84,-0.19,-6.57,8.5,213.5,5.9,213.5,-13.1,5.90,Libbert,Lebron,Slider,Single on a Line Drive,80.9,2456.3,85.7,16.4,96.0%
2025-05-20 01:00:00,Bot 4,0-0,2,057b6bb0-3591-11f0-a93f-c16a47c07950,20250520-HooverMetropolitan-1,257794396-pix-682e06ef982b80da2c766164-3975-3987,730206976,257794396,-,-,-,-,0,,,-,0,-,-,-,-,-,-,-,,,-,-,S,-,-,-,L,L,-,,,1,1,-0.4151885714285716,-1.7091388235294116,10:29,134.6,20.1,70.3,4.32,1.92,-2.40,-5.81,14.2,-,-13.4,-,-,6.18,Libbert,Snell,Fastball,Ball,92.8,2206.9,-,-,19.9%
2025-05-20 01:00:00,Bot 4,1-0,2,29a9a880-3591-11f0-a93f-c16a47c07950,20250520-HooverMetropolitan-1,257794396-pix-682e06ef982b80da2c766164-4037-4054,730206976,257794396,0.28,-0.78,-,2.32,0,,,-,0,-,-,-,-,100.6,0.71s,-,,,.450,-10.0,S,.522,.025,.497,L,L,-,S/7(RBI).3-H;1-3,,1,1,-0.09145142857142881,-1.0114870588235294,2:14,246.9,23.2,68.6,2.07,3.61,-0.03,-7.19,4.8,94.9,8.6,140.0,-6.4,5.71,Libbert,Snell,Slider,Single on a Ground Ball,79.4,2432.8,100.8,3.7,97.0%
2025-05-20 01:00:00,Bot 4,0-0,1,343b9c50-3590-11f0-a93f-c16a47c07950,20250520-HooverMetropolitan-1,257794396-pix-682e06ef982b80da2c766164-3622-3638,730206976,257794396,0.78,0.39,-,2.71,0,,,-,0,-,-,-,-,-,-,-,,,-,-,K,-,-,-,L,R,-,,,,,0.22494857142857125,0.4463576470588235,10:38,139.1,20.3,68.5,2.69,0.29,-1.76,-4.91,16.5,-,-13.3,-,130.5,6.14,Libbert,Staton,Fastball,Foul,91.5,2134.5,84.5,65.9,98.0%
2025-05-20 01:00:00,Bot 4,0-1,1,3f6769b0-3590-11f0-a93f-c16a47c07950,20250520-HooverMetropolitan-1,257794396-pix-682e06ef982b80da2c766164-3643-3655,730206976,257794396,-,-,-,-,0,,,-,0,-,-,-,-,-,-,-,,,-,-,K,-,-,-,L,R,-,,,,,-0.8131885714285715,-0.7661505882352941,3:09,274.3,21.1,67.2,1.50,3.40,-0.20,-8.10,0.5,-,10.7,-,-,5.41,Libbert,Staton,Slider,Strike Swinging,80.2,2510.3,-,-,90.1%
2025-05-20 01:00:00,Bot 4,0-2,1,49123c60-3590-11f0-a93f-c16a47c07950,20250520-HooverMetropolitan-1,257794396-pix-682e06ef982b80da2c766164-3660-3671,730206976,257794396,-,-,-,-,0,,,-,0,-,-,-,-,-,-,-,,,.000,-,K,.000,.000,.000,L,R,-,K/S,,,,-0.29348571428571446,-0.8454070588235293,2:35,257.4,21.6,66.4,1.52,3.60,0.20,-7.41,4.0,-,11.7,-,-,5.40,Libbert,Staton,Slider,Strikeout (Swinging),78.9,2376.2,-,-,89.2%
2025-05-20 01:00:00,Bot 4,0-0,0,0c6f2a20-3590-11f0-a93f-c16a47c07950,20250520-HooverMetropolitan-1,257794396-pix-682e06ef982b80da2c766164-3559-3568,730206976,257794396,-,-,-,-,0,,,-,0,-,-,-,-,-,-,-,,,-,-,IP_OUT,-,-,-,L,L,-,,,,,0.9209828571428572,1.6907717647058822,10:38,139.2,21.8,70.0,1.74,-0.41,-1.11,-4.52,14.9,-,-12.0,-,-,5.97,Libbert,Neal,Fastball,Ball,91.9,2138.7,-,-,1.6%
2025-05-20 01:00:00,Bot 4,1-0,0,148441a0-3590-11f0-a93f-c16a47c07950,20250520-HooverMetropolitan-1,257794396-pix-682e06ef982b80da2c766164-3573-3583,730206976,257794396,-,-,-,-,0,,,-,0,-,-,-,-,-,-,-,,,-,-,IP_OUT,-,-,-,L,L,-,,,,,1.8934857142857138,0.8245835294117647,10:54,146.8,23.2,69.1,2.15,0.78,0.15,-3.77,12.5,-,-7.6,-,-,6.16,Libbert,Neal,Fastball,Ball,90.6,2123.0,-,-,2.3%
2025-05-20 01:00:00,Bot 4,2-0,0,1da96990-3590-11f0-a93f-c16a47c07950,20250520-HooverMetropolitan-1,257794396-pix-682e06ef982b80da2c766164-3587-3603,730206976,257794396,1.48,0.24,-,2.55,0,,,-,0,-,-,-,-,93.8,0.41s,-,,,.338,-7.0,IP_OUT,.384,.005,.379,L,L,-,63/G,,,,0.03179428571428592,0.31704,10:28,133.8,21.2,69.2,2.78,0.55,-1.68,-5.46,12.8,54.5,-12.4,136.0,-6.7,6.12,Libbert,Neal,Fastball,Ground Out,91.0,2030.1,93.9,1.5,98.3%
2025-05-20 01:00:00,Bot 4,0-0,2,5ee34200-3590-11f0-a93f-c16a47c07950,20250520-HooverMetropolitan-1,257794396-pix-682e06ef982b80da2c766164-3691-3709,730206976,257794396,-,-,-,-,0,,,-,0,-,-,-,-,-,-,-,,,-,-,S,-,-,-,L,R,-,,,,,1.512982857142857,0.5112141176470588,10:38,139.2,20.8,68.8,2.44,0.51,-0.35,-3.94,13.5,-,-10.8,-,74.1,5.92,Libbert,Norton,Fastball,Foul,92.6,2062.0,100.8,15.7,3.7%
2025-05-20 01:00:00,Bot 4,0-1,2,6b6306a0-3590-11f0-a93f-c16a47c07950,20250520-HooverMetropolitan-1,257794396-pix-682e06ef982b80da2c766164-3719-3737,730206976,257794396,-0.24,-0.15,-,2.98,0,,,-,0,-,-,-,-,63.9,4.45s,-,,,.090,15.3,S,.104,.004,.100,L,R,-,S/89,,,,0.61256,-0.1962635294117647,10:45,142.3,21.0,68.1,2.86,1.24,-1.07,-4.80,12.6,260.9,-9.0,260.9,8.0,6.27,Libbert,Norton,Fastball,Single on a Fly Ball,92.1,2249.1,78.6,35.7,96.6%
2025-05-20 01:00:00,Bot 4,0-0,2,875edff0-3590-11f0-a93f-c16a47c07950,20250520-HooverMetropolitan-1,257794396-pix-682e06ef982b80da2c766164-3766-3776,730206976,257794396,-,-,-,-,0,,,-,0,-,-,-,-,-,-,-,,,-,-,BB,-,-,-,L,L,-,,,,1,-0.4913485714285716,-1.3365741176470587,2:08,244.2,21.5,68.4,2.06,3.81,-0.49,-7.50,6.2,-,9.8,-,-,5.72,Libbert,Fowler,Slider,Strike Swinging,80.0,2469.0,-,-,81.1%
2025-05-20 01:00:00,Bot 4,0-1,2,90b57820-3590-11f0-a93f-c16a47c07950,20250520-HooverMetropolitan-1,257794396-pix-682e06ef982b80da2c766164-3779-3791,730206976,257794396,-,-,-,-,0,,,-,0,-,-,-,-,-,-,-,,,-,-,BB,-,-,-,L,L,-,,,,1,-1.4346857142857143,-2.665044705882353,1:48,234.0,22.6,68.0,3.34,4.74,-1.47,-8.13,6.9,-,7.9,-,-,5.64,Libbert,Fowler,Slider,Ball,80.2,2438.2,-,-,0.0%
2025-05-20 01:00:00,Bot 4,1-1,2,9b4e7b60-3590-11f0-a93f-c16a47c07950,20250520-HooverMetropolitan-1,257794396-pix-682e06ef982b80da2c766164-3799-3809,730206976,257794396,-,-,-,-,0,,,-,0,-,-,-,-,-,-,-,,,-,-,BB,-,-,-,L,L,-,,,,1,-0.24927999999999986,-1.5605647058823529,10:35,137.6,21.1,69.0,4.08,2.12,-1.97,-5.70,13.0,-,-10.9,-,-,6.32,Libbert,Fowler,Fastball,Ball,91.9,2342.7,-,-,43.8%
2025-05-20 01:00:00,Bot 4,2-1,2,a6d14260-3590-11f0-a93f-c16a47c07950,20250520-HooverMetropolitan-1,257794396-pix-682e06ef982b80da2c766164-3818-3828,730206976,257794396,-,-,-,-,0,,,-,0,-,-,-,-,-,-,-,,,-,-,BB,-,-,-,L,L,-,,,,1,-0.7101714285714286,-2.228456470588235,10:38,138.8,21.3,68.4,4.61,2.65,-2.44,-5.99,13.4,-,-10.9,-,-,6.29,Libbert,Fowler,Fastball,Ball,92.4,2387.2,-,-,0.0%
2025-05-20 01:00:00,Bot 4,3-1,2,b359b990-3590-11f0-a93f-c16a47c07950,20250520-HooverMetropolitan-1,257794396-pix-682e06ef982b80da2c766164-3837-3855,730206976,257794396,-,-,-,-,0,,,-,0,-,-,-,-,-,-,-,,,.697,-,BB,-,-,-,L,L,-,W.1-2,,,1,-0.7906857142857143,-2.8261835294117645,2:19,249.4,21.2,68.4,3.17,4.89,-0.71,-7.75,4.8,-,9.7,-,-,5.56,Libbert,Fowler,Slider,Walk,80.1,2504.4,-,-,0.0%
2025-05-20 01:00:00,Bot 4,0-0,2,49099460-3591-11f0-a93f-c16a47c07950,20250520-HooverMetropolitan-1,257794396-pix-682e06ef982b80da2c766164-4089-4101,730206976,257794396,-,-,-,-,0,,,-,0,-,-,-,-,-,-,-,,,-,-,FC,-,-,-,L,R,-,,,1,1,-0.7786171428571428,-0.11552470588235293,10:18,128.9,21.8,68.6,3.33,0.78,-2.44,-6.16,12.5,-,-14.2,-,-,6.19,Libbert,Bonomolo Jr.,Fastball,Strike Looking,92.9,2262.4,-,-,96.1%
2025-05-20 01:00:00,Bot 4,0-1,2,530238f0-3591-11f0-a93f-c16a47c07950,20250520-HooverMetropolitan-1,257794396-pix-682e06ef982b80da2c766164-4108-4121,730206976,257794396,0.63,0.15,-,1.76,0,,,-,0,-,-,-,-,73.1,0.02s,-,,,.114,-20.0,FC,.129,.001,.128,L,R,-,FC5.1X2(54),,1,1,-0.7414514285714287,0.22236705882352942,10:04,121.8,22.4,67.6,2.87,0.84,-1.59,-6.79,8.1,3.0,-11.2,123.8,-27.7,6.35,Libbert,Bonomolo Jr.,Changeup,Fielder's Choice,87.5,1414.4,89.5,-35.2,95.4%
2025-05-20 01:00:00,Bot 5,0-0,0,2e927460-3593-11f0-a93f-c16a47c07950,20250520-HooverMetropolitan-1,257794396-pix-682e06ef982b80da2c766164-4804-4813,730206976,257794396,-,-,-,-,0,,,-,0,-,-,-,-,-,-,-,,,-,-,IP_OUT,-,-,-,L,L,-,,,,,0.5891885714285715,-0.41387294117647055,11:00,150.0,20.4,69.1,2.98,1.33,-1.44,-4.71,17.2,-,-9.2,-,-,6.19,Libbert,Hodo,Fastball,Strike Looking,90.8,2283.4,-,-,97.5%
2025-05-20 01:00:00,Bot 5,0-1,0,37147e80-3593-11f0-a93f-c16a47c07950,20250520-HooverMetropolitan-1,257794396-pix-682e06ef982b80da2c766164-4818-4828,730206976,257794396,-,-,-,-,0,,,-,0,-,-,-,-,-,-,-,,,-,-,IP_OUT,-,-,-,L,L,-,,,,,1.4218285714285714,0.04040470588235294,10:25,132.3,22.0,69.3,3.39,0.51,-0.59,-3.98,15.6,-,-16.0,-,-,6.15,Libbert,Hodo,Fastball,Strike Looking,91.3,2434.0,-,-,10.9%
2025-05-20 01:00:00,Bot 5,0-2,0,40e72480-3593-11f0-a93f-c16a47c07950,20250520-HooverMetropolitan-1,257794396-pix-682e06ef982b80da2c766164-4832-4848,730206976,257794396,0.37,-0.32,-,1.71,0,,,-,0,-,-,-,-,99.4,0.23s,-,,,.351,-14.0,IP_OUT,.399,.005,.394,L,L,-,63/G,,,,-0.7604799999999999,-0.3945035294117647,2:30,255.0,20.9,67.9,1.37,2.97,-0.52,-7.87,3.8,32.3,8.9,139.2,-13.1,5.58,Libbert,Hodo,Slider,Ground Out,80.3,2493.5,99.4,-1.2,94.4%
2025-05-20 01:00:00,Bot 5,0-0,2,b9302450-3593-11f0-a93f-c16a47c07950,20250520-HooverMetropolitan-1,257794396-pix-682e06ef982b80da2c766164-5036-5045,730206976,257794396,-,-,-,-,0,,,-,0,-,-,-,-,-,-,-,,,-,-,IP_OUT,-,-,-,L,L,-,,,,,0.9620685714285716,0.39300705882352943,1:46,233.2,21.1,68.0,0.92,2.24,0.70,-5.88,6.7,-,7.4,-,-,5.66,Libbert,Neal,Slider,Strike Looking,81.1,2351.7,-,-,84.2%
2025-05-20 01:00:00,Bot 5,0-1,2,c1573d30-3593-11f0-a93f-c16a47c07950,20250520-HooverMetropolitan-1,257794396-pix-682e06ef982b80da2c766164-5051-5065,730206976,257794396,0.83,0.75,-,3.72,0,,,-,0,-,-,-,-,31.1,-,-,,,.006,-34.0,IP_OUT,.009,.004,.005,L,L,-,5/P,,,,0.7858057142857143,-0.01256470588235294,10:36,138.1,21.1,68.0,3.01,0.83,-1.11,-4.44,14.5,210.0,-12.1,210.0,-34.0,6.34,Libbert,Neal,Fastball,Pop Out,92.7,2333.5,91.6,70.1,91.7%
2025-05-20 01:00:00,Bot 5,0-0,1,565c4e80-3593-11f0-a93f-c16a47c07950,20250520-HooverMetropolitan-1,257794396-pix-682e06ef982b80da2c766164-4870-4880,730206976,257794396,-,-,-,-,0,,,-,0,-,-,-,-,-,-,-,,,-,-,K,-,-,-,L,R,-,,,,,1.7284228571428568,2.1133694117647055,9:24,102.1,22.4,68.2,1.67,-0.88,1.17,-4.97,4.2,-,-14.2,-,-,6.05,Libbert,Torres,Changeup,Ball,86.2,1539.5,-,-,0.0%
2025-05-20 01:00:00,Bot 5,1-0,1,5ed0c410-3593-11f0-a93f-c16a47c07950,20250520-HooverMetropolitan-1,257794396-pix-682e06ef982b80da2c766164-4884-4895,730206976,257794396,1.17,0.13,-,3.52,0,,,-,0,-,-,-,-,-,-,-,,,-,-,K,-,-,-,L,R,-,,,,,1.2230285714285714,0.16192941176470588,10:41,140.7,20.4,68.0,2.65,0.78,-0.59,-4.12,13.8,-,-10.4,-,166.1,6.09,Libbert,Torres,Fastball,Foul,92.6,2414.8,77.4,39.3,41.8%
2025-05-20 01:00:00,Bot 5,1-1,1,6b8e7c10-3593-11f0-a93f-c16a47c07950,20250520-HooverMetropolitan-1,257794396-pix-682e06ef982b80da2c766164-4904-4915,730206976,257794396,-,-,-,-,0,,,-,0,-,-,-,-,-,-,-,,,-,-,K,-,-,-,L,R,-,,,,,-0.7094628571428573,1.900235294117647,10:24,132.0,21.2,68.1,2.01,-1.10,-2.68,-5.68,16.7,-,-17.3,-,-,6.01,Libbert,Torres,Fastball,Ball,93.1,2270.4,-,-,5.9%
2025-05-20 01:00:00,Bot 5,2-1,1,74d02cb0-3593-11f0-a93f-c16a47c07950,20250520-HooverMetropolitan-1,257794396-pix-682e06ef982b80da2c766164-4922-4931,730206976,257794396,-,-,-,-,0,,,-,0,-,-,-,-,-,-,-,,,-,-,K,-,-,-,L,R,-,,,,,0.6326057142857141,0.9995435294117647,1:45,232.3,20.3,69.0,0.86,1.25,0.65,-6.62,3.0,-,2.1,-,-,5.45,Libbert,Torres,Slider,Strike Swinging,81.7,2445.5,-,-,93.5%
2025-05-20 01:00:00,Bot 5,2-2,1,7fa79880-3593-11f0-a93f-c16a47c07950,20250520-HooverMetropolitan-1,257794396-pix-682e06ef982b80da2c766164-4940-4951,730206976,257794396,2.14,-0.33,-,1.96,0,,,-,0,-,-,-,-,-,-,-,,,-,-,K,-,-,-,L,R,-,,,,,-0.7504457142857142,-0.5889176470588235,12:25,192.7,21.9,67.0,2.29,2.53,-0.89,-7.34,7.4,-,1.4,-,-48.8,5.81,Libbert,Torres,Slider,Foul,81.6,2387.7,88.9,-1.2,93.3%
2025-05-20 01:00:00,Bot 5,2-2,1,8dc22160-3593-11f0-a93f-c16a47c07950,20250520-HooverMetropolitan-1,257794396-pix-682e06ef982b80da2c766164-4964-4973,730206976,257794396,0.76,0.32,-,3.13,0,,,-,0,-,-,-,-,-,-,-,,,-,-,K,-,-,-,L,R,-,,,,,0.8447999999999999,0.48300705882352934,10:33,136.4,19.9,69.2,2.54,0.30,-1.07,-4.57,14.2,-,-12.5,-,173.4,6.01,Libbert,Torres,Fastball,Foul,92.6,2359.7,79.3,8.3,86.4%
2025-05-20 01:00:00,Bot 5,2-2,1,9bb80b40-3593-11f0-a93f-c16a47c07950,20250520-HooverMetropolitan-1,257794396-pix-682e06ef982b80da2c766164-4983-4997,730206976,257794396,-,-,-,-,0,,,-,0,-,-,-,-,-,-,-,,,-,-,K,-,-,-,L,R,-,,,,,1.9449485714285717,1.716155294117647,10:41,140.3,20.8,67.1,1.60,-0.48,0.09,-3.28,15.0,-,-11.5,-,-,6.07,Libbert,Torres,Fastball,Ball,92.4,2284.8,-,-,0.0%
2025-05-20 01:00:00,Bot 5,3-2,1,a63262f0-3593-11f0-a93f-c16a47c07950,20250520-HooverMetropolitan-1,257794396-pix-682e06ef982b80da2c766164-5006-5016,730206976,257794396,-,-,-,-,0,,,-,0,-,-,-,-,-,-,-,,,.000,-,K,.000,.000,.000,L,R,-,K/S,,,,-0.437737142857143,0.48384,10:29,134.4,21.0,67.1,2.75,0.29,-2.06,-5.64,14.6,-,-13.7,-,-,6.04,Libbert,Torres,Fastball,Strikeout (Swinging),91.8,2246.8,-,-,99.1%
2025-05-20 01:00:00,Bot 6,0-0,0,37420c40-3595-11f0-a93f-c16a47c07950,20250520-HooverMetropolitan-1,257794396-pix-682e06ef982b80da2c766164-5496-5507,730206976,257794396,-,-,-,-,0,,,-,0,-,-,-,-,-,-,-,,,-,-,IP_OUT,-,-,-,L,R,-,,,,,0.9157599999999998,-0.43603764705882353,10:32,135.8,21.8,68.6,3.43,1.15,-0.90,-4.49,14.2,-,-12.7,-,-,6.05,Libbert,Staton,Fastball,Strike Swinging,91.8,2388.2,-,-,82.1%
2025-05-20 01:00:00,Bot 6,0-1,0,40d58660-3595-11f0-a93f-c16a47c07950,20250520-HooverMetropolitan-1,257794396-pix-682e06ef982b80da2c766164-5513-5528,730206976,257794396,0.68,0.53,-,2.09,0,,,-,0,-,-,-,-,86.8,0.33s,-,,,.217,-19.0,IP_OUT,.245,.002,.244,L,R,-,63/G,,,,-0.36420571428571435,0.7534588235294116,10:26,133.0,19.6,68.3,2.50,-0.12,-2.11,-5.64,14.6,40.3,-14.5,131.9,-18.5,6.12,Libbert,Staton,Fastball,Ground Out,91.5,2312.8,86.8,0.6,98.3%
2025-05-20 01:00:00,Bot 6,0-0,1,570bb670-3595-11f0-a93f-c16a47c07950,20250520-HooverMetropolitan-1,257794396-pix-682e06ef982b80da2c766164-5547-5561,730206976,257794396,-,-,-,-,0,,,-,0,-,-,-,-,-,-,-,,,-,-,IP_OUT,-,-,-,L,R,-,,,,,0.8567542857142857,2.0856705882352937,10:34,137.0,22.3,68.0,1.47,-0.65,-0.89,-4.49,13.6,-,-11.8,-,-,6.11,Libbert,Norton,Fastball,Ball,91.9,2482.4,-,-,0.0%
2025-05-20 01:00:00,Bot 6,1-0,1,60d69440-3595-11f0-a93f-c16a47c07950,20250520-HooverMetropolitan-1,257794396-pix-682e06ef982b80da2c766164-5565-5583,730206976,257794396,0.27,-0.38,-,3.45,0,,,-,0,-,-,-,-,35.7,5.35s,-,,,.046,-19.0,IP_OUT,.054,.003,.051,L,R,-,6/P,,,,1.0872799999999998,-0.5504611764705882,10:37,138.7,21.9,67.8,3.47,1.34,-0.75,-4.18,14.5,156.8,-11.8,156.8,-17.9,6.24,Libbert,Norton,Fastball,Pop Out,92.2,2469.6,72.4,60.4,62.5%
2025-05-20 01:00:00,Bot 6,0-0,2,758a6a10-3595-11f0-a93f-c16a47c07950,20250520-HooverMetropolitan-1,257794396-pix-682e06ef982b80da2c766164-5601-5612,730206976,257794396,-,-,-,-,0,,,-,0,-,-,-,-,-,-,-,,,-,-,IP_OUT,-,-,-,L,L,-,,,,,0.12517714285714274,0.5328705882352941,10:41,140.5,20.2,68.9,2.44,0.39,-1.78,-5.17,14.9,-,-11.4,-,-,6.16,Libbert,Fowler,Fastball,Foul,92.3,2337.6,-,-,97.3%
2025-05-20 01:00:00,Bot 6,0-1,2,81337dc0-3595-11f0-a93f-c16a47c07950,20250520-HooverMetropolitan-1,257794396-pix-682e06ef982b80da2c766164-5620-5632,730206976,257794396,-,-,-,-,0,,,-,0,-,-,-,-,-,-,-,,,-,-,IP_OUT,-,-,-,L,L,-,,,,,0.8395999999999998,-1.9936376470588235,1:30,225.2,20.8,67.6,2.97,3.75,0.75,-6.12,5.9,-,4.4,-,-,5.60,Libbert,Fowler,Slider,Ball,81.6,2488.5,-,-,0.0%
2025-05-20 01:00:00,Bot 6,1-1,2,8d2a3c40-3595-11f0-a93f-c16a47c07950,20250520-HooverMetropolitan-1,257794396-pix-682e06ef982b80da2c766164-5641-5657,730206976,257794396,0.25,-2.07,-,4.87,0,,,-,0,-,-,-,-,-,5.35s,-,,,-,-47.0,IP_OUT,.000,.000,.000,L,L,-,7/F,,,,0.8565485714285715,-1.3380988235294118,2:41,260.7,20.8,67.2,2.02,3.73,1.07,-6.30,2.8,266.0,9.6,266.0,-34.3,5.66,Libbert,Fowler,Slider,Pop Out,80.8,2481.6,83.0,45.2,24.9%
2025-05-20 01:00:00,Bot 7,0-0,0,384f0810-3598-11f0-a93f-c16a47c07950,20250520-HooverMetropolitan-1,257794396-pix-682e06ef982b80da2c766164-6519-6529,730206976,257794396,-,-,-,-,0,,,-,0,-,-,-,-,-,-,-,,,-,-,BB,-,-,-,L,R,-,,,,,0.23452571428571442,0.48242823529411766,10:30,134.8,20.9,67.3,2.71,0.32,-1.39,-5.05,14.3,-,-13.3,-,-,6.09,Libbert,Lebron,Fastball,Strike Swinging,90.9,2252.8,-,-,96.2%
2025-05-20 01:00:00,Bot 7,0-1,0,40991240-3598-11f0-a93f-c16a47c07950,20250520-HooverMetropolitan-1,257794396-pix-682e06ef982b80da2c766164-6533-6543,730206976,257794396,-,-,-,-,0,,,-,0,-,-,-,-,-,-,-,,,-,-,BB,-,-,-,L,R,-,,,,,1.810685714285714,1.9473035294117647,10:31,135.5,21.0,69.5,1.62,-0.81,-0.27,-3.58,14.8,-,-13.5,-,-,5.97,Libbert,Lebron,Fastball,Ball,92.9,2365.8,-,-,0.0%
2025-05-20 01:00:00,Bot 7,1-1,0,4a85a8e0-3598-11f0-a93f-c16a47c07950,20250520-HooverMetropolitan-1,257794396-pix-682e06ef982b80da2c766164-6548-6560,730206976,257794396,-,-,-,-,0,,,-,0,-,-,-,-,-,-,-,,,-,-,BB,-,-,-,L,R,-,,,,,-0.07857142857142867,-0.6995011764705882,9:23,101.5,20.9,67.4,3.74,1.12,-0.56,-6.53,4.1,-,-14.5,-,-,6.27,Libbert,Lebron,Changeup,Ball,87.2,1698.3,-,-,97.7%
2025-05-20 01:00:00,Bot 7,2-1,0,546f0b30-3598-11f0-a93f-c16a47c07950,20250520-HooverMetropolitan-1,257794396-pix-682e06ef982b80da2c766164-6566-6577,730206976,257794396,-,-,-,-,0,,,-,0,-,-,-,-,-,-,-,,,-,-,BB,-,-,-,L,R,-,,,,,1.0958400000000001,2.1735670588235294,10:48,144.1,22.0,68.1,1.19,-0.56,-0.80,-4.17,14.3,-,-9.7,-,-,6.33,Libbert,Lebron,Fastball,Ball,92.2,2393.4,-,-,0.0%
2025-05-20 01:00:00,Bot 7,3-1,0,5de47600-3598-11f0-a93f-c16a47c07950,20250520-HooverMetropolitan-1,257794396-pix-682e06ef982b80da2c766164-6584-6607,730206976,257794396,-,-,-,-,0,,,-,0,-,-,-,-,-,-,-,,,.697,-,BB,-,-,-,L,R,-,W,,,,-0.7406514285714285,1.5054070588235293,10:38,139.2,19.4,67.9,1.75,-0.55,-2.61,-5.80,15.8,-,-12.7,-,-,6.25,Libbert,Lebron,Fastball,Walk,92.1,2357.6,-,-,55.4%
2025-05-20 01:00:00,Bot 7,0-0,1,d4d55fe0-3598-11f0-a93f-c16a47c07950,20250520-HooverMetropolitan-1,257794396-pix-682e06ef982b80da2c766164-6782-6796,730206976,257794396,-,-,-,-,0,,,-,0,-,-,-,-,-,-,-,,,-,-,SF,-,-,-,L,L,-,,1,,1,-1.4211657142857141,-4.5896188235294115,2:04,241.8,22.3,68.4,4.35,6.60,-1.49,-8.19,8.1,-,12.6,-,-,5.80,Libbert,Hodo,Slider,Ball,79.3,2416.5,-,-,0.0%
2025-05-20 01:00:00,Bot 7,1-0,1,f04c51c0-3598-11f0-a93f-c16a47c07950,20250520-HooverMetropolitan-1,257794396-pix-682e06ef982b80da2c766164-6825-6847,730206976,257794396,0.12,0.34,-,3.61,0,,,-,0,-,-,-,-,76.9,4.87s,-,,,.029,-27.9,SF,.047,.024,.023,L,L,-,7/SF(RBI).3-H,1,1,,1.3368457142857142,0.47301176470588235,10:25,132.4,21.6,68.2,2.72,0.46,-0.40,-4.13,12.4,331.6,-12.5,331.6,-15.0,6.32,Libbert,Hodo,Fastball,Sac Fly,92.2,2282.9,92.6,33.9,17.1%
2025-05-20 01:00:00,Bot 7,0-0,0,71e883d0-3598-11f0-a93f-c16a47c07950,20250520-HooverMetropolitan-1,257794396-pix-682e06ef982b80da2c766164-6616-6626,730206976,257794396,-,-,-,-,0,,,-,0,-,-,-,-,-,-,-,,,-,-,FC,-,-,-,L,L,-,,,,1,2.27384,-1.6451435294117647,2:32,256.2,23.1,68.1,2.60,4.02,2.39,-5.15,3.3,-,8.0,-,-,5.72,Libbert,Snell,Slider,Ball,79.8,2347.1,-,-,0.0%
2025-05-20 01:00:00,Bot 7,1-0,0,7cac1980-3598-11f0-a93f-c16a47c07950,20250520-HooverMetropolitan-1,257794396-pix-682e06ef982b80da2c766164-6634-6648,730206976,257794396,0.84,-0.52,-,2.80,0,,,-,0,-,-,-,-,84.5,0.05s,-,,,.124,8.0,FC,.140,.001,.139,L,L,-,FC5.1X2(56),,,1,0.4143428571428573,-0.6243247058823529,10:41,140.5,20.3,69.0,3.39,1.26,-1.63,-4.81,15.2,6.5,-11.7,130.5,14.1,6.47,Libbert,Snell,Fastball,Fielder's Choice,92.4,2361.5,93.8,-25.7,99.2%
2025-05-20 01:00:00,Bot 7,0-0,2,0ca56640-3599-11f0-a93f-c16a47c07950,20250520-HooverMetropolitan-1,257794396-pix-682e06ef982b80da2c766164-6876-6886,730206976,257794396,-,-,-,-,0,,,-,0,-,-,-,-,-,-,-,,,-,-,IP_OUT,-,-,-,L,R,-,,1,,,1.2981142857142858,1.6520188235294118,9:12,96.0,22.8,67.5,2.14,-0.57,1.00,-5.51,2.7,-,-15.0,-,-,6.28,Libbert,Torres,Changeup,Ball,85.3,1652.8,-,-,0.7%
2025-05-20 01:00:00,Bot 7,1-0,2,17432470-3599-11f0-a93f-c16a47c07950,20250520-HooverMetropolitan-1,257794396-pix-682e06ef982b80da2c766164-6893-6909,730206976,257794396,1.89,0.64,-,3.17,0,,,-,0,-,-,-,-,62.7,5.42s,-,,,.006,-6.9,IP_OUT,.008,.003,.005,L,R,-,8/F,1,,,0.6149828571428573,0.8999717647058824,9:24,102.2,21.3,66.1,2.62,-0.17,0.30,-5.82,4.5,293.4,-15.5,293.4,-9.3,6.01,Libbert,Torres,Changeup,Fly Out,86.1,1598.7,84.7,42.3,96.4%
2025-05-20 01:00:00,Bot 7,0-0,1,94b13d30-3598-11f0-a93f-c16a47c07950,20250520-HooverMetropolitan-1,257794396-pix-682e06ef982b80da2c766164-6675-6685,730206976,257794396,-,-,-,-,0,,,-,0,-,-,-,-,-,-,-,,,-,-,S,-,-,-,L,R,-,,,,1,0.7528914285714288,1.9756235294117646,10:24,132.1,21.3,67.9,1.81,-0.99,-1.11,-4.49,15.0,-,-15.5,-,-,6.31,Libbert,Bonomolo Jr.,Fastball,Ball,91.7,2337.6,-,-,2.0%
2025-05-20 01:00:00,Bot 7,1-0,1,a064ff40-3598-11f0-a93f-c16a47c07950,20250520-HooverMetropolitan-1,257794396-pix-682e06ef982b80da2c766164-6692-6704,730206976,257794396,-,-,-,-,0,,,-,0,-,-,-,-,-,-,-,,,-,-,S,-,-,-,L,R,-,,,,1,-0.0383657142857144,-0.8819717647058823,9:31,105.6,22.2,66.5,3.94,1.40,-0.46,-6.34,5.0,-,-14.2,-,-,6.01,Libbert,Bonomolo Jr.,Changeup,Strike Looking,86.7,1592.2,-,-,99.6%
2025-05-20 01:00:00,Bot 7,1-1,1,ac1f5100-3598-11f0-a93f-c16a47c07950,20250520-HooverMetropolitan-1,257794396-pix-682e06ef982b80da2c766164-6711-6725,730206976,257794396,1.70,0.01,-,2.23,0,,,-,0,-,-,-,-,-,-,-,,,-,-,S,-,-,-,L,R,-,,,,1,-0.4051314285714288,0.05350588235294118,10:47,143.7,22.5,67.6,3.01,0.97,-2.31,-5.40,16.5,-,-11.4,-,-54.9,6.13,Libbert,Bonomolo Jr.,Fastball,Foul,92.2,2374.0,93.0,-6.0,97.3%
2025-05-20 01:00:00,Bot 7,1-2,1,bd4ee210-3598-11f0-a93f-c16a47c07950,20250520-HooverMetropolitan-1,257794396-pix-682e06ef982b80da2c766164-6741-6760,730206976,257794396,0.10,0.21,-,1.95,0,,,-,0,-,-,-,-,99.7,1.17s,-,,,.616,21.0,S,.728,.056,.672,L,R,-,S/9.1-2,,,1,-0.13931428571428586,0.22303058823529412,10:37,138.5,21.2,68.3,2.87,0.60,-2.06,-5.26,15.4,142.5,-12.6,139.4,15.7,6.08,Libbert,Bonomolo Jr.,Fastball,Single on a Line Drive,93.3,2434.3,100.4,6.7,98.4%
2025-05-20 01:00:00,Bot 8,0-0,0,2b688b00-359b-11f0-a93f-c16a47c07950,20250520-HooverMetropolitan-1,257794396-pix-682e06ef982b80da2c766164-7623-7631,730206976,257794396,-,-,-,-,0,,,-,0,-,-,-,-,-,-,-,,,-,-,IP_OUT,-,-,-,L,R,-,,,,,1.3203314285714285,3.3400376470588236,9:32,106.0,22.8,65.8,0.91,-1.91,1.00,-5.16,5.7,-,-15.6,-,-,6.20,Libbert,Staton,Changeup,Ball,84.5,1528.6,-,-,0.0%
2025-05-20 01:00:00,Bot 8,1-0,0,3478f270-359b-11f0-a93f-c16a47c07950,20250520-HooverMetropolitan-1,257794396-pix-682e06ef982b80da2c766164-7635-7646,730206976,257794396,-,-,-,-,0,,,-,0,-,-,-,-,-,-,-,,,-,-,IP_OUT,-,-,-,L,R,-,,,,,2.172308571428571,1.1270682352941177,10:44,142.2,21.6,66.3,2.00,0.17,0.48,-3.10,14.1,-,-10.1,-,-,6.31,Libbert,Staton,Fastball,Ball,91.5,2251.1,-,-,0.0%
2025-05-20 01:00:00,Bot 8,2-0,0,3d5614e0-359b-11f0-a93f-c16a47c07950,20250520-HooverMetropolitan-1,257794396-pix-682e06ef982b80da2c766164-7652-7662,730206976,257794396,-,-,-,-,0,,,-,0,-,-,-,-,-,-,-,,,-,-,IP_OUT,-,-,-,L,R,-,,,,,0.7256571428571428,-0.31492235294117643,10:54,146.8,20.3,67.8,2.84,1.32,-1.05,-4.61,13.9,-,-8.4,-,-,6.52,Libbert,Staton,Fastball,Strike Swinging,91.8,2326.2,-,-,93.8%
2025-05-20 01:00:00,Bot 8,2-1,0,46b0f2d0-359b-11f0-a93f-c16a47c07950,20250520-HooverMetropolitan-1,257794396-pix-682e06ef982b80da2c766164-7667-7677,730206976,257794396,-,-,-,-,0,,,-,0,-,-,-,-,-,-,-,,,-,-,IP_OUT,-,-,-,L,R,-,,,,,0.3984228571428571,-0.29068235294117645,10:44,141.8,20.8,65.9,3.15,1.08,-1.27,-4.67,15.6,-,-11.4,-,-,6.54,Libbert,Staton,Fastball,Strike Swinging,90.7,2236.5,-,-,95.9%
2025-05-20 01:00:00,Bot 8,2-2,0,5000d440-359b-11f0-a93f-c16a47c07950,20250520-HooverMetropolitan-1,257794396-pix-682e06ef982b80da2c766164-7682-7697,730206976,257794396,0.68,0.19,-,1.78,0,,,-,0,-,-,-,-,94.8,3.67s,-,,,.327,1.9,IP_OUT,.509,.237,.272,L,R,-,8/F,,,,-0.7404914285714285,0.2316705882352941,10:46,143.1,19.1,67.0,2.62,0.48,-2.54,-5.71,17.0,331.6,-11.9,331.6,-3.2,6.10,Libbert,Staton,Fastball,Fly Out,91.4,2149.6,101.7,21.3,95.8%
2025-05-20 01:00:00,Bot 8,0-0,0,fa265fe0-359a-11f0-a93f-c16a47c07950,20250520-HooverMetropolitan-1,257794396-pix-682e06ef982b80da2c766164-7537-7548,730206976,257794396,-,-,-,-,0,,,-,0,-,-,-,-,-,-,-,,,-,-,HR,-,-,-,L,L,-,,,,,-1.3759542857142857,-1.566536470588235,1:07,213.5,19.5,67.5,2.40,3.45,-1.58,-7.88,10.4,-,5.9,-,-,5.56,Libbert,Neal,Slider,Ball,79.9,2465.2,-,-,1.7%
2025-05-20 01:00:00,Bot 8,1-0,0,018e9590-359b-11f0-a93f-c16a47c07950,20250520-HooverMetropolitan-1,257794396-pix-682e06ef982b80da2c766164-7552-7562,730206976,257794396,2.36,0.68,-,2.07,0,,,-,0,-,-,-,-,-,-,-,,,-,-,HR,-,-,-,L,L,-,,,,,-0.598,0.9613270588235293,10:27,133.6,22.5,67.2,2.59,0.00,-2.28,-5.75,14.8,-,-14.4,-,62.5,6.27,Libbert,Neal,Fastball,Foul,91.7,2298.3,93.3,-28.2,90.8%
2025-05-20 01:00:00,Bot 8,1-1,0,0e17d010-359b-11f0-a93f-c16a47c07950,20250520-HooverMetropolitan-1,257794396-pix-682e06ef982b80da2c766164-7568-7603,730206976,257794396,1.76,-0.10,-,2.96,0,,,-,0,-,-,-,-,90.6,5.30s,-,,,1.885,-5.4,HR,3.710,2.771,.938,L,L,-,HR/8(RBI),,,,0.48045714285714275,-0.15769411764705882,10:52,146.1,19.4,68.2,2.77,1.00,-1.45,-4.74,15.7,416.0,-9.8,416.0,-0.9,6.41,Libbert,Neal,Fastball,Home Run on a 416.02 ft Fly Ball,91.9,2369.8,104.6,30.0,97.8%
2025-05-20 01:00:00,Bot 8,0-0,1,6599b2e0-359b-11f0-a93f-c16a47c07950,20250520-HooverMetropolitan-1,257794396-pix-682e06ef982b80da2c766164-7720-7737,730206976,257794396,-0.20,0.27,-,1.67,0,,,-,0,-,-,-,-,99.1,3.24s,-,,,.750,19.8,S,.878,.053,.824,L,R,-,S/9,,,,-0.7706742857142856,0.39388235294117646,10:47,143.7,17.7,68.4,2.37,0.22,-2.74,-5.81,17.4,303.3,-12.0,303.3,11.2,6.15,Libbert,Norton,Fastball,Single on a Line Drive,91.1,2236.1,102.3,14.3,93.1%
2025-05-20 01:00:00,Bot 8,0-0,1,7eb50180-359b-11f0-a93f-c16a47c07950,20250520-HooverMetropolitan-1,257794396-pix-682e06ef982b80da2c766164-7760-7770,730206976,257794396,-,-,-,-,0,,,-,0,-,-,-,-,-,-,-,,,-,-,DP,-,-,-,L,L,-,,,,1,0.03489142857142876,-1.7790776470588237,12:54,206.8,22.1,66.9,3.22,3.41,0.43,-7.15,3.6,-,1.1,-,-,5.49,Libbert,Fowler,Slider,Ball,79.8,2379.7,-,-,13.2%
2025-05-20 01:00:00,Bot 8,1-0,1,87fd41d0-359b-11f0-a93f-c16a47c07950,20250520-HooverMetropolitan-1,257794396-pix-682e06ef982b80da2c766164-7777-7786,730206976,257794396,-,-,-,-,0,,,-,0,-,-,-,-,-,-,-,,,-,-,DP,-,-,-,L,L,-,,,,1,0.07460571428571429,-1.6005599999999998,2:24,252.0,23.4,67.0,2.49,4.11,0.34,-7.00,4.3,-,9.0,-,-,5.60,Libbert,Fowler,Slider,Strike Swinging,79.9,2414.6,-,-,37.3%
2025-05-20 01:00:00,Bot 8,1-1,1,92163fa0-359b-11f0-a93f-c16a47c07950,20250520-HooverMetropolitan-1,257794396-pix-682e06ef982b80da2c766164-7793-7808,730206976,257794396,0.01,-0.73,-,2.88,0,,,-,0,-,-,-,-,98.8,0.68s,-,,,.431,-10.0,DP,.490,.006,.484,L,L,-,643/GDP.1X2,,,1,0.5568114285714287,-0.9628517647058823,10:37,138.7,19.3,68.3,3.63,1.34,-1.41,-4.63,15.5,87.7,-12.7,138.9,-6.8,6.31,Libbert,Fowler,Fastball,Double Play,92.4,2279.2,98.9,2.6,92.0%
2025-05-20 01:00:00,Top 1,0-0,0,c5dabff0-3587-11f0-a93f-c16a47c07950,20250520-HooverMetropolitan-1,257794396-pix-682e06ef982b80da2c766164-419-426,4806,257794396,-,-,-,-,0,,,-,0,-,-,-,-,-,-,-,,,-,-,K,-,-,-,R,R,-,,,,1,-0.3468000000000003,0.8810399999999999,8:37,78.6,-31.3,67.3,-2.51,-4.52,0.22,-7.78,-1.1,-,-11.1,-,-,6.36,Fay,Seals,Slider,Strike Looking,80.1,2685.7,-,-,97.5%
2025-05-20 01:00:00,Top 1,0-1,0,d11d97c0-3587-11f0-a93f-c16a47c07950,20250520-HooverMetropolitan-1,257794396-pix-682e06ef982b80da2c766164-433-445,4806,257794396,-,-,-,-,0,,,-,0,-,-,-,-,-,-,-,,,-,-,K,-,-,-,R,R,-,,,,1,0.6979999999999998,-0.37637647058823526,9:24,102.0,-33.1,66.5,-1.54,-3.89,0.97,-6.44,3.9,-,-12.9,-,-,6.55,Fay,Seals,Changeup,Strike Looking,78.5,2695.1,-,-,95.9%
2025-05-20 01:00:00,Top 1,0-2,0,dc68d400-3587-11f0-a93f-c16a47c07950,20250520-HooverMetropolitan-1,257794396-pix-682e06ef982b80da2c766164-454-465,4806,257794396,-,-,-,-,0,,,-,0,-,-,-,-,-,-,-,,,.000,-,K,.000,.000,.000,R,R,-,K/S,,,1,-0.2798171428571428,2.577331764705882,8:53,86.4,-31.4,67.3,-3.48,-6.15,0.13,-7.60,0.5,-,-14.8,-,-,6.39,Fay,Seals,Slider,Strikeout (Swinging),81.1,2773.8,-,-,0.0%
2025-05-20 01:00:00,Top 1,0-0,0,a5b78410-3587-11f0-a93f-c16a47c07950,20250520-HooverMetropolitan-1,257794396-pix-682e06ef982b80da2c766164-362-373,4806,257794396,-,-,-,-,0,,,-,0,-,-,-,-,-,-,-,,,-,-,S,-,-,-,R,R,-,,,,,-0.03162285714285724,0.20469176470588235,2:20,250.0,-26.2,70.5,-3.88,-1.22,-1.34,-6.26,6.3,-,14.6,-,-,6.83,Fay,Lovich,Fastball,Strike Looking,91.2,2433.3,-,-,98.7%
2025-05-20 01:00:00,Top 1,0-1,0,ae3d85d0-3587-11f0-a93f-c16a47c07950,20250520-HooverMetropolitan-1,257794396-pix-682e06ef982b80da2c766164-379-394,4806,257794396,0.78,0.09,-,2.48,0,,,-,0,-,-,-,-,107.8,0.26s,-,,,.397,8.0,S,.450,.003,.447,R,R,-,S/8,,,,0.012239999999999997,0.08179764705882352,2:31,255.3,-25.5,70.4,-3.85,-0.93,-1.25,-6.25,5.2,40.9,16.0,144.2,7.5,6.74,Fay,Lovich,Sinker,Single on a Ground Ball,92.5,2467.9,107.8,-1.1,99.3%
2025-05-20 01:00:00,Top 1,0-0,2,0b2cb8b0-3588-11f0-a93f-c16a47c07950,20250520-HooverMetropolitan-1,257794396-pix-682e06ef982b80da2c766164-533-543,4806,257794396,-,-,-,-,0,,,-,0,-,-,-,-,-,-,-,,,-,-,K,-,-,-,R,L,-,,,,1,0.42173714285714275,1.2554258823529412,9:22,101.2,-36.4,65.9,-3.03,-5.44,0.78,-6.65,4.0,-,-13.4,-,-,6.12,Fay,Serna,Sinker,Ball,79.3,2665.9,-,-,56.2%
2025-05-20 01:00:00,Top 1,1-0,2,171d35a0-3588-11f0-a93f-c16a47c07950,20250520-HooverMetropolitan-1,257794396-pix-682e06ef982b80da2c766164-551-563,4806,257794396,0.73,-0.89,-,3.31,0,,,-,0,-,-,-,-,-,-,-,,,-,-,K,-,-,-,R,L,-,,,,1,0.7299199999999999,-1.1345929411764706,1:27,223.7,-27.1,72.1,-2.90,-0.27,-1.71,-4.74,16.1,-,14.4,-,-163.9,6.79,Fay,Serna,Fastball,Foul,92.1,2466.0,75.2,30.2,72.5%
2025-05-20 01:00:00,Top 1,1-1,2,25efc3e0-3588-11f0-a93f-c16a47c07950,20250520-HooverMetropolitan-1,257794396-pix-682e06ef982b80da2c766164-578-589,4806,257794396,-,-,-,-,0,,,-,0,-,-,-,-,-,-,-,,,-,-,K,-,-,-,R,L,-,,,,1,1.4500685714285717,-0.6677364705882353,12:00,180.2,-29.2,70.0,-2.15,-2.14,0.45,-5.16,6.1,-,0.0,-,-,6.80,Fay,Serna,Cutter,Ball,86.6,2466.6,-,-,2.5%
2025-05-20 01:00:00,Top 1,2-1,2,3149f440-3588-11f0-a93f-c16a47c07950,20250520-HooverMetropolitan-1,257794396-pix-682e06ef982b80da2c766164-597-607,4806,257794396,-,-,-,-,0,,,-,0,-,-,-,-,-,-,-,,,-,-,K,-,-,-,R,L,-,,,,1,0.340834285714286,0.013567058823529411,12:14,187.1,-30.9,69.3,-2.89,-2.76,-0.54,-6.12,6.4,-,0.7,-,-,6.78,Fay,Serna,Sinker,Foul,86.2,2556.7,-,-,98.6%
2025-05-20 01:00:00,Top 1,2-2,2,42803c10-3588-11f0-a93f-c16a47c07950,20250520-HooverMetropolitan-1,257794396-pix-682e06ef982b80da2c766164-626-636,4806,257794396,-,-,-,-,0,,,-,0,-,-,-,-,-,-,-,,,.000,-,K,.000,.000,.000,R,L,-,K/S,,,1,1.5121485714285714,-1.3072094117647057,1:23,221.3,-27.3,72.1,-2.70,-0.27,-1.14,-3.81,16.1,-,13.3,-,-,6.81,Fay,Serna,Fastball,Strikeout (Swinging),95.1,2595.9,-,-,0.4%
2025-05-20 01:00:00,Top 1,0-0,1,f03b4a80-3587-11f0-a93f-c16a47c07950,20250520-HooverMetropolitan-1,257794396-pix-682e06ef982b80da2c766164-485-507,4806,257794396,0.34,-0.39,-,3.19,0,,,-,0,-,-,-,-,86.7,4.59s,-,,,.108,-16.6,IP_OUT,.185,.108,.077,R,L,-,8/F,,,1,0.8946514285714287,-0.5692094117647059,2:14,247.2,-27.6,71.5,-3.38,-0.77,-0.64,-5.37,6.9,358.4,14.3,358.4,-6.7,6.82,Fay,Nicoletto,Sinker,Fly Out,91.4,2433.0,96.5,26.0,82.7%
2025-05-20 01:00:00,Top 2,0-0,2,6a7f1e00-358a-11f0-a93f-c16a47c07950,20250520-HooverMetropolitan-1,257794396-pix-682e06ef982b80da2c766164-1454-1470,4806,257794396,0.67,0.34,-,2.98,0,,,-,0,-,-,-,-,90.3,3.07s,-,,,.413,-18.5,S,.494,.047,.447,R,L,-,S/78,,,,0.614457142857143,0.4655435294117647,1:18,219.1,-26.8,71.1,-3.87,-1.74,-1.76,-4.74,15.4,278.7,11.7,278.7,-9.6,6.83,Fay,Peer,Fastball,Single on a Line Drive,93.9,2553.4,94.6,17.3,96.3%
2025-05-20 01:00:00,Top 2,0-0,0,0f9c35e0-358a-11f0-a93f-c16a47c07950,20250520-HooverMetropolitan-1,257794396-pix-682e06ef982b80da2c766164-1302-1311,4806,257794396,-,-,-,-,0,,,-,0,-,-,-,-,-,-,-,,,-,-,IP_OUT,-,-,-,R,R,-,,,,,0.3375085714285712,0.11834823529411764,9:20,100.0,-31.2,66.6,-1.68,-4.16,0.63,-6.82,3.7,-,-13.7,-,-,6.54,Fay,Macon,Slider,Strike Looking,78.8,2578.3,-,-,98.7%
2025-05-20 01:00:00,Top 2,0-1,0,1707ee00-358a-11f0-a93f-c16a47c07950,20250520-HooverMetropolitan-1,257794396-pix-682e06ef982b80da2c766164-1314-1328,4806,257794396,-,-,-,-,0,,,-,0,-,-,-,-,-,-,-,,,.055,25.0,IP_OUT,.063,.000,.063,R,R,-,43/G,,,,-0.11326857142857147,0.6814164705882353,2:16,248.0,-26.2,70.4,-4.33,-1.49,-1.59,-6.12,7.2,112.0,15.7,112.0,-,6.65,Fay,Macon,Sinker,Ground Out,92.8,2473.4,-,-,97.7%
2025-05-20 01:00:00,Top 2,0-0,2,80baa540-358a-11f0-a93f-c16a47c07950,20250520-HooverMetropolitan-1,257794396-pix-682e06ef982b80da2c766164-1490-1506,4806,257794396,1.84,0.74,-,2.07,0,,,-,0,-,-,-,-,68.0,0.57s,-,,,.123,-23.0,IP_OUT,.140,.002,.138,R,L,-,63/G,,,1,-0.5311542857142858,1.1260376470588236,8:34,77.0,-33.3,65.8,-3.02,-4.77,0.11,-7.80,-1.0,54.5,-9.6,120.9,-22.2,6.67,Fay,Patterson,Slider,Ground Out,80.7,2813.8,68.3,4.6,76.2%
2025-05-20 01:00:00,Top 2,0-0,1,2d122c10-358a-11f0-a93f-c16a47c07950,20250520-HooverMetropolitan-1,257794396-pix-682e06ef982b80da2c766164-1351-1361,4806,257794396,-,-,-,-,0,,,-,0,-,-,-,-,-,-,-,,,-,-,IP_OUT,-,-,-,R,R,-,,,,,-0.3645942857142858,0.8556423529411764,2:13,246.4,-24.8,71.1,-4.51,-1.32,-1.91,-6.42,8.8,-,17.5,-,-,6.70,Fay,Knutson,Sinker,Strike Looking,91.7,2432.0,-,-,97.5%
2025-05-20 01:00:00,Top 2,0-1,1,42b78dd0-358a-11f0-a93f-c16a47c07950,20250520-HooverMetropolitan-1,257794396-pix-682e06ef982b80da2c766164-1386-1396,4806,257794396,-,-,-,-,0,,,-,0,-,-,-,-,-,-,-,,,-,-,IP_OUT,-,-,-,R,R,-,,,,,-2.0316571428571426,1.7108188235294117,8:37,78.7,-31.3,67.8,-2.52,-5.79,-1.26,-9.60,-2.2,-,-18.0,-,-,6.43,Fay,Knutson,Slider,Ball,80.1,2664.0,-,-,0.0%
2025-05-20 01:00:00,Top 2,1-1,1,4c874da0-358a-11f0-a93f-c16a47c07950,20250520-HooverMetropolitan-1,257794396-pix-682e06ef982b80da2c766164-1402-1413,4806,257794396,-,-,-,-,0,,,-,0,-,-,-,-,-,-,-,,,-,-,IP_OUT,-,-,-,R,R,-,,,,,0.2887885714285713,2.0721882352941177,2:18,249.1,-27.6,69.8,-5.56,-2.67,-1.19,-5.64,6.9,-,15.9,-,-,6.78,Fay,Knutson,Sinker,Ball,93.8,2453.3,-,-,0.0%
2025-05-20 01:00:00,Top 2,2-1,1,560f7d20-358a-11f0-a93f-c16a47c07950,20250520-HooverMetropolitan-1,257794396-pix-682e06ef982b80da2c766164-1419-1433,4806,257794396,-,-,-,-,0,,,-,0,-,-,-,-,-,-,-,,,.036,40.0,IP_OUT,.055,.025,.030,R,R,-,9/F,,,,-0.6182057142857141,-0.46894588235294116,8:27,73.7,-31.9,66.1,-1.16,-3.89,0.27,-8.15,-3.0,286.0,-15.1,286.0,-,6.20,Fay,Knutson,Slider,Fly Out,80.8,2689.6,-,-,95.8%
2025-05-20 01:00:00,Top 3,0-0,2,59ea5b70-358c-11f0-a93f-c16a47c07950,20250520-HooverMetropolitan-1,257794396-pix-682e06ef982b80da2c766164-2168-2178,4806,257794396,-,-,-,-,0,,,-,0,-,-,-,-,-,-,-,,,-,-,IP_OUT,-,-,-,R,R,-,,,,,1.8942514285714285,-0.36526588235294116,1:52,235.8,-25.9,70.2,-3.27,-0.91,0.03,-3.92,9.8,-,12.9,-,-,7.04,Fay,Seals,Fastball,Ball,93.9,2295.5,-,-,0.0%
2025-05-20 01:00:00,Top 3,1-0,2,632a3750-358c-11f0-a93f-c16a47c07950,20250520-HooverMetropolitan-1,257794396-pix-682e06ef982b80da2c766164-2182-2193,4806,257794396,-,-,-,-,0,,,-,0,-,-,-,-,-,-,-,,,-,-,IP_OUT,-,-,-,R,R,-,,,,,1.26488,0.886164705882353,1:43,231.3,-29.1,69.4,-4.40,-2.29,-0.39,-4.53,10.2,-,11.6,-,-,6.85,Fay,Seals,Fastball,Ball,91.8,2289.5,-,-,18.5%
2025-05-20 01:00:00,Top 3,2-0,2,6cff0030-358c-11f0-a93f-c16a47c07950,20250520-HooverMetropolitan-1,257794396-pix-682e06ef982b80da2c766164-2200-2210,4806,257794396,-,-,-,-,0,,,-,0,-,-,-,-,-,-,-,,,-,-,IP_OUT,-,-,-,R,R,-,,,,,-0.8758628571428572,2.3256423529411765,2:20,249.9,-28.9,68.1,-5.76,-3.11,-1.96,-6.80,6.3,-,14.6,-,-,6.85,Fay,Seals,Sinker,Ball,91.7,2359.8,-,-,0.0%
2025-05-20 01:00:00,Top 3,3-0,2,75a31140-358c-11f0-a93f-c16a47c07950,20250520-HooverMetropolitan-1,257794396-pix-682e06ef982b80da2c766164-2213-2224,4806,257794396,-,-,-,-,0,,,-,0,-,-,-,-,-,-,-,,,-,-,IP_OUT,-,-,-,R,R,-,,,,,-0.13903999999999986,-0.5441788235294118,2:23,251.5,-27.6,70.7,-3.67,-0.53,-1.53,-6.32,6.7,-,17.2,-,-,6.87,Fay,Seals,Sinker,Strike Looking,91.3,2400.3,-,-,99.5%
2025-05-20 01:00:00,Top 3,3-1,2,7f25e990-358c-11f0-a93f-c16a47c07950,20250520-HooverMetropolitan-1,257794396-pix-682e06ef982b80da2c766164-2229-2242,4806,257794396,-0.50,0.64,-,2.14,0,,,-,0,-,-,-,-,-,-,-,,,-,-,IP_OUT,-,-,-,R,R,-,,,,,-0.14272000000000012,0.9088376470588235,1:27,223.6,-27.2,70.5,-4.29,-2.09,-2.16,-5.66,13.6,-,12.0,-,98.9,6.99,Fay,Seals,Fastball,Foul,91.4,2396.2,74.7,39.2,97.5%
2025-05-20 01:00:00,Top 3,3-2,2,8c3a7420-358c-11f0-a93f-c16a47c07950,20250520-HooverMetropolitan-1,257794396-pix-682e06ef982b80da2c766164-2252-2267,4806,257794396,-0.16,0.18,-,2.98,0,,,-,0,-,-,-,-,85.6,4.29s,-,,,.085,39.2,IP_OUT,.143,.079,.064,R,R,-,9/F,,,,0.6768000000000001,0.0456,8:49,84.4,-31.8,66.7,-1.57,-4.28,1.04,-6.65,-0.1,332.3,-14.9,332.3,28.9,6.66,Fay,Seals,Slider,Fly Out,81.9,2664.0,92.8,22.7,97.4%
2025-05-20 01:00:00,Top 3,0-0,1,396a3280-358c-11f0-a93f-c16a47c07950,20250520-HooverMetropolitan-1,257794396-pix-682e06ef982b80da2c766164-2113-2123,4806,257794396,-,-,-,-,0,,,-,0,-,-,-,-,-,-,-,,,-,-,IP_OUT,-,-,-,R,R,-,,,,,1.650342857142857,-1.242,8:43,81.3,-30.2,67.0,-0.27,-3.28,2.20,-5.97,-1.3,-,-16.7,-,-,6.28,Fay,Lovich,Slider,Ball,80.0,2635.0,-,-,0.0%
2025-05-20 01:00:00,Top 3,1-0,1,417b7970-358c-11f0-a93f-c16a47c07950,20250520-HooverMetropolitan-1,257794396-pix-682e06ef982b80da2c766164-2127-2142,4806,257794396,2.96,-0.02,-,2.88,0,,,-,0,-,-,-,-,68.1,4.92s,-,,,.018,-42.4,IP_OUT,.030,.016,.014,R,R,-,7/F,,,,0.07912000000000015,0.15955764705882353,9:13,96.7,-29.1,65.9,-1.38,-4.15,0.40,-6.96,3.1,310.1,-15.2,310.1,-34.6,6.55,Fay,Lovich,Slider,Fly Out,79.9,2695.6,85.0,36.8,98.4%
2025-05-20 01:00:00,Top 3,0-0,0,f2609eb0-358b-11f0-a93f-c16a47c07950,20250520-HooverMetropolitan-1,257794396-pix-682e06ef982b80da2c766164-1994-2003,4806,257794396,-,-,-,-,0,,,-,0,-,-,-,-,-,-,-,,,-,-,K,-,-,-,R,L,-,,,,,-0.33417142857142884,1.977374117647059,11:46,173.1,-30.2,68.9,-4.24,-4.35,-1.04,-6.86,5.9,-,-0.6,-,-,6.89,Fay,Daniels,Cutter,Ball,85.3,2457.3,-,-,1.3%
2025-05-20 01:00:00,Top 3,1-0,0,fa0a4a30-358b-11f0-a93f-c16a47c07950,20250520-HooverMetropolitan-1,257794396-pix-682e06ef982b80da2c766164-2008-2017,4806,257794396,-,-,-,-,0,,,-,0,-,-,-,-,-,-,-,,,-,-,K,-,-,-,R,L,-,,,,,1.0506628571428571,-2.125341176470588,2:38,258.9,-31.7,68.9,-2.84,0.34,0.04,-5.33,4.6,-,17.4,-,-,6.84,Fay,Daniels,Sinker,Ball,91.0,2357.8,-,-,0.0%
2025-05-20 01:00:00,Top 3,2-0,0,028a3170-358c-11f0-a93f-c16a47c07950,20250520-HooverMetropolitan-1,257794396-pix-682e06ef982b80da2c766164-2021-2030,4806,257794396,-,-,-,-,0,,,-,0,-,-,-,-,-,-,-,,,-,-,K,-,-,-,R,L,-,,,,,1.3384685714285713,-1.6483482352941177,2:29,254.7,-28.8,71.2,-2.65,-0.04,0.02,-5.14,5.0,-,14.4,-,-,6.65,Fay,Daniels,Sinker,Ball,91.8,2362.0,-,-,0.0%
2025-05-20 01:00:00,Top 3,3-0,0,0ac56e90-358c-11f0-a93f-c16a47c07950,20250520-HooverMetropolitan-1,257794396-pix-682e06ef982b80da2c766164-2036-2047,4806,257794396,-,-,-,-,0,,,-,0,-,-,-,-,-,-,-,,,-,-,K,-,-,-,R,L,-,,,,,0.0429942857142857,0.1701741176470588,1:59,239.6,-28.9,69.2,-4.09,-1.45,-1.42,-5.83,9.6,-,14.4,-,-,6.88,Fay,Daniels,Sinker,Strike Looking,91.2,2384.4,-,-,98.7%
2025-05-20 01:00:00,Top 3,3-1,0,11d80a30-358c-11f0-a93f-c16a47c07950,20250520-HooverMetropolitan-1,257794396-pix-682e06ef982b80da2c766164-2047-2056,4806,257794396,-,-,-,-,0,,,-,0,-,-,-,-,-,-,-,,,-,-,K,-,-,-,R,L,-,,,,,0.905337142857143,0.9575576470588235,2:19,249.5,-29.8,69.6,-4.85,-2.10,-0.39,-5.29,6.7,-,15.1,-,-,6.98,Fay,Daniels,Sinker,Strike Looking,91.1,2444.4,-,-,63.1%
2025-05-20 01:00:00,Top 3,3-2,0,1ac3f9b0-358c-11f0-a93f-c16a47c07950,20250520-HooverMetropolitan-1,257794396-pix-682e06ef982b80da2c766164-2063-2072,4806,257794396,-,-,-,-,0,,,-,0,-,-,-,-,-,-,-,,,-,-,K,-,-,-,R,L,-,,,,,-0.35860571428571425,0.820715294117647,12:41,200.5,-31.4,68.0,-3.66,-3.35,-1.03,-6.76,5.6,-,1.7,-,-,6.84,Fay,Daniels,Cutter,Foul,86.5,2498.5,-,-,95.9%
2025-05-20 01:00:00,Top 3,3-2,0,25b30c30-358c-11f0-a93f-c16a47c07950,20250520-HooverMetropolitan-1,257794396-pix-682e06ef982b80da2c766164-2081-2090,4806,257794396,-,-,-,-,0,,,-,0,-,-,-,-,-,-,-,,,.000,-,K,.000,.000,.000,R,L,-,K/C,,,,-0.02526857142857151,0.6536470588235294,2:28,254.1,-31.3,69.5,-5.08,-1.64,-1.29,-6.12,6.5,-,18.9,-,-,6.73,Fay,Daniels,Sinker,Strikeout (Looking),92.4,2349.8,-,-,98.3%
2025-05-20 01:00:00,Top 4,0-0,1,1fe60890-358f-11f0-a93f-c16a47c07950,20250520-HooverMetropolitan-1,257794396-pix-682e06ef982b80da2c766164-3247-3256,4806,257794396,-,-,-,-,0,,,-,0,-,-,-,-,-,-,-,,,-,-,HR,-,-,-,R,L,-,,,,,-0.27409142857142854,-1.5548329411764705,1:37,228.6,-27.8,71.5,-2.73,0.08,-2.40,-5.86,14.8,-,15.4,-,-,6.63,Fay,Serna,Fastball,Ball,91.9,2449.9,-,-,51.9%
2025-05-20 01:00:00,Top 4,1-0,1,27e65f90-358f-11f0-a93f-c16a47c07950,20250520-HooverMetropolitan-1,257794396-pix-682e06ef982b80da2c766164-3261-3270,4806,257794396,-,-,-,-,0,,,-,0,-,-,-,-,-,-,-,,,-,-,HR,-,-,-,R,L,-,,,,,0.39442285714285724,-2.6685176470588234,2:55,267.7,-29.2,68.8,-2.03,0.85,0.08,-6.61,1.9,-,15.8,-,-,6.89,Fay,Serna,Changeup,Ball,85.1,1695.5,-,-,0.0%
2025-05-20 01:00:00,Top 4,2-0,1,30078500-358f-11f0-a93f-c16a47c07950,20250520-HooverMetropolitan-1,257794396-pix-682e06ef982b80da2c766164-3274-3284,4806,257794396,-,-,-,-,0,,,-,0,-,-,-,-,-,-,-,,,-,-,HR,-,-,-,R,L,-,,,,,0.0962057142857142,-1.1635905882352942,2:00,239.8,-31.4,69.5,-3.45,-0.47,-1.43,-5.76,10.7,-,16.4,-,-,6.68,Fay,Serna,Sinker,Foul,90.5,2304.9,-,-,94.2%
2025-05-20 01:00:00,Top 4,2-1,1,3c93a5b0-358f-11f0-a93f-c16a47c07950,20250520-HooverMetropolitan-1,257794396-pix-682e06ef982b80da2c766164-3293-3330,4806,257794396,1.91,-0.26,-,3.32,0,,,-,0,-,-,-,-,94.2,3.77s,-,,,.726,45.2,HR,1.208,.666,.542,R,L,-,HR/9(RBI),,,,0.8398514285714285,-0.3936564705882352,12:08,184.1,-28.8,68.0,-2.36,-2.27,-0.04,-5.43,7.4,355.7,0.5,355.7,32.9,6.66,Fay,Serna,Cutter,Home Run on a 355.67 ft Fly Ball,86.1,2307.5,103.4,24.4,85.6%
2025-05-20 01:00:00,Top 4,0-0,0,f30c40a0-358e-11f0-a93f-c16a47c07950,20250520-HooverMetropolitan-1,257794396-pix-682e06ef982b80da2c766164-3171-3181,4806,257794396,-,-,-,-,0,,,-,0,-,-,-,-,-,-,-,,,-,-,K,-,-,-,R,L,-,,,,,0.05438857142857145,-0.21943058823529413,2:42,261.1,-28.6,71.2,-3.89,-1.02,-0.23,-7.49,4.0,-,15.6,-,-,7.23,Fay,Nicoletto,Changeup,Strike Looking,80.2,1574.2,-,-,100.0%
2025-05-20 01:00:00,Top 4,0-1,0,faf08420-358e-11f0-a93f-c16a47c07950,20250520-HooverMetropolitan-1,257794396-pix-682e06ef982b80da2c766164-3187-3194,4806,257794396,-,-,-,-,0,,,-,0,-,-,-,-,-,-,-,,,-,-,K,-,-,-,R,L,-,,,,,1.1954857142857145,-0.8520564705882352,9:36,108.0,-36.2,67.7,-1.76,-3.47,1.33,-6.17,4.8,-,-9.5,-,-,6.21,Fay,Nicoletto,Slider,Ball,79.6,2607.8,-,-,19.6%
2025-05-20 01:00:00,Top 4,1-1,0,03922430-358f-11f0-a93f-c16a47c07950,20250520-HooverMetropolitan-1,257794396-pix-682e06ef982b80da2c766164-3199-3209,4806,257794396,-,-,-,-,0,,,-,0,-,-,-,-,-,-,-,,,-,-,K,-,-,-,R,L,-,,,,,-0.9512571428571428,0.4351482352941176,2:23,251.5,-31.7,66.1,-4.54,-1.93,-1.26,-7.35,6.2,-,14.4,-,-,6.87,Fay,Nicoletto,Changeup,Strike Swinging,84.5,1651.6,-,-,81.5%
2025-05-20 01:00:00,Top 4,1-2,0,0d152390-358f-11f0-a93f-c16a47c07950,20250520-HooverMetropolitan-1,257794396-pix-682e06ef982b80da2c766164-3213-3226,4806,257794396,-,-,-,-,0,,,-,0,-,-,-,-,-,-,-,,,.000,-,K,.000,.000,.000,R,L,-,K/S,,,,0.15739428571428554,-2.0558541176470584,3:03,271.3,-34.1,68.0,-3.00,-0.04,0.14,-7.00,0.8,-,16.2,-,-,7.03,Fay,Nicoletto,Cutter,Strikeout (Swinging),83.1,1625.1,-,-,0.0%
2025-05-20 01:00:00,Top 4,0-0,1,59cc44c0-358f-11f0-a93f-c16a47c07950,20250520-HooverMetropolitan-1,257794396-pix-682e06ef982b80da2c766164-3357-3366,4806,257794396,-,-,-,-,0,,,-,0,-,-,-,-,-,-,-,,,-,-,IP_OUT,-,-,-,R,R,-,,,,,-0.9655199999999999,1.5967623529411765,2:16,248.2,-27.2,70.5,-5.05,-2.36,-2.32,-7.01,7.0,-,14.9,-,-,6.61,Fay,Macon,Sinker,Ball,92.5,2383.3,-,-,22.9%
2025-05-20 01:00:00,Top 4,1-0,1,61b08840-358f-11f0-a93f-c16a47c07950,20250520-HooverMetropolitan-1,257794396-pix-682e06ef982b80da2c766164-3371-3379,4806,257794396,-,-,-,-,0,,,-,0,-,-,-,-,-,-,-,,,-,-,IP_OUT,-,-,-,R,R,-,,,,,-1.1904342857142858,2.76096,8:26,73.0,-32.3,65.7,-4.14,-6.01,-0.28,-8.67,-1.7,-,-10.3,-,-,6.74,Fay,Macon,Slider,Strike Looking,79.4,2575.2,-,-,0.0%
2025-05-20 01:00:00,Top 4,1-1,1,70bff870-358f-11f0-a93f-c16a47c07950,20250520-HooverMetropolitan-1,257794396-pix-682e06ef982b80da2c766164-3383-3397,4806,257794396,0.23,0.16,-,2.87,0,,,-,0,-,-,-,-,89.3,0.10s,-,,,.105,14.0,IP_OUT,.119,.001,.118,R,R,-,43/G,,,,0.5534971428571426,0.24221647058823528,2:32,255.8,-29.1,70.4,-4.14,-1.53,-0.68,-5.78,4.6,13.6,14.3,133.3,14.0,6.76,Fay,Macon,Sinker,Ground Out,92.1,2412.6,91.2,-11.8,97.2%
2025-05-20 01:00:00,Top 4,0-0,2,8391a0c0-358f-11f0-a93f-c16a47c07950,20250520-HooverMetropolitan-1,257794396-pix-682e06ef982b80da2c766164-3415-3424,4806,257794396,-,-,-,-,0,,,-,0,-,-,-,-,-,-,-,,,-,-,IP_OUT,-,-,-,R,R,-,,,,,-0.6052457142857143,-1.3321411764705882,8:04,61.9,-31.2,64.5,-0.39,-3.23,0.92,-8.56,-6.9,-,-15.6,-,-,6.59,Fay,Knutson,Slider,Ball,78.9,2559.0,-,-,44.3%
2025-05-20 01:00:00,Top 4,1-0,2,8bf01d50-358f-11f0-a93f-c16a47c07950,20250520-HooverMetropolitan-1,257794396-pix-682e06ef982b80da2c766164-3428-3443,4806,257794396,2.77,0.27,-,2.85,0,,,-,0,-,-,-,-,-,-,-,,,-,-,IP_OUT,-,-,-,R,R,-,,,,,0.2588114285714284,0.38700705882352937,8:44,81.8,-30.9,66.7,-1.68,-4.52,0.85,-7.23,-0.8,-,-15.7,-,-40.2,6.46,Fay,Knutson,Slider,Foul,80.7,2785.7,89.9,25.0,98.2%
2025-05-20 01:00:00,Top 4,1-1,2,982b10c0-358f-11f0-a93f-c16a47c07950,20250520-HooverMetropolitan-1,257794396-pix-682e06ef982b80da2c766164-3449-3462,4806,257794396,0.95,-0.75,-,3.28,0,,,-,0,-,-,-,-,37.8,2.98s,-,,,.027,-13.4,IP_OUT,.030,.000,.030,R,R,-,6/P,,,,0.8768114285714285,-1.0991717647058823,2:19,249.7,-26.4,70.4,-2.85,-0.26,-0.48,-5.37,6.2,135.0,14.2,135.0,-15.8,6.67,Fay,Knutson,Sinker,Fly Out,91.6,2274.4,47.9,37.9,52.8%
2025-05-20 01:00:00,Top 5,0-0,0,a67179b0-3591-11f0-a93f-c16a47c07950,20250520-HooverMetropolitan-1,257794396-pix-682e06ef982b80da2c766164-4205-4214,4806,257794396,-,-,-,-,0,,,-,0,-,-,-,-,-,-,-,,,-,-,S,-,-,-,R,L,-,,,,,-0.3094057142857142,-0.8654117647058823,1:29,224.6,-31.2,68.9,-2.86,-1.53,-1.01,-6.96,8.7,-,7.2,-,-,7.21,Fay,Peer,Changeup,Strike Looking,82.2,1597.4,-,-,98.7%
2025-05-20 01:00:00,Top 5,0-1,0,ae1c84c0-3591-11f0-a93f-c16a47c07950,20250520-HooverMetropolitan-1,257794396-pix-682e06ef982b80da2c766164-4218-4227,4806,257794396,-,-,-,-,0,,,-,0,-,-,-,-,-,-,-,,,-,-,S,-,-,-,R,L,-,,,,,-0.5220228571428572,-1.0413458823529411,3:10,274.9,-31.7,68.3,-3.73,-0.45,-0.39,-7.83,-0.0,-,18.0,-,-,6.82,Fay,Peer,Changeup,Strike Swinging,83.6,1663.0,-,-,91.5%
2025-05-20 01:00:00,Top 5,0-2,0,cb69e450-3591-11f0-a93f-c16a47c07950,20250520-HooverMetropolitan-1,257794396-pix-682e06ef982b80da2c766164-4263-4277,4806,257794396,-,-,-,-,0,,,-,0,-,-,-,-,-,-,-,,,-,-,S,-,-,-,R,L,-,,,,,2.6223428571428573,-5.727642352941176,2:30,254.9,-33.8,68.8,-0.04,2.76,2.17,-4.45,5.4,-,15.3,-,-,6.82,Fay,Peer,Changeup,Ball,81.6,1675.0,-,-,0.0%
2025-05-20 01:00:00,Top 5,1-2,0,d69ed970-3591-11f0-a93f-c16a47c07950,20250520-HooverMetropolitan-1,257794396-pix-682e06ef982b80da2c766164-4286-4301,4806,257794396,2.00,-1.38,-,1.50,0,,,-,0,-,-,-,-,37.3,0.02s,-,,,.145,-7.0,S,.165,.003,.162,R,L,-,S/9,,,,-1.2403657142857143,-1.9607999999999999,3:11,275.5,-27.5,68.9,-2.52,0.55,-1.16,-8.50,-0.4,2.8,16.7,82.1,54.6,6.93,Fay,Peer,Changeup,Single on a Ground Ball,83.2,1697.5,57.5,-49.5,1.6%
2025-05-20 01:00:00,Top 5,0-0,2,b1b08b80-3592-11f0-a93f-c16a47c07950,20250520-HooverMetropolitan-1,257794396-pix-682e06ef982b80da2c766164-4652-4663,4806,257794396,-,-,-,-,0,,,-,0,-,-,-,-,-,-,-,,,-,-,K,-,-,-,R,R,-,,1,,,-0.76392,-1.5547482352941175,2:33,256.7,-30.9,67.4,-3.25,0.02,-1.62,-6.86,5.5,-,17.9,-,-,6.88,Fay,Lovich,Sinker,Ball,91.1,2235.4,-,-,20.2%
2025-05-20 01:00:00,Top 5,1-0,2,bdc27320-3592-11f0-a93f-c16a47c07950,20250520-HooverMetropolitan-1,257794396-pix-682e06ef982b80da2c766164-4670-4685,4806,257794396,-,-,-,-,0,,,-,0,-,-,-,-,-,-,-,,,-,-,K,-,-,-,R,R,-,,1,,,-0.7800000000000001,-0.4868047058823529,2:19,249.7,-29.0,69.7,-3.76,-0.79,-1.51,-7.46,7.3,-,16.2,-,-,7.10,Fay,Lovich,Changeup,Strike Swinging,83.5,1635.1,-,-,94.9%
2025-05-20 01:00:00,Top 5,1-1,2,cd2ab1b0-3592-11f0-a93f-c16a47c07950,20250520-HooverMetropolitan-1,257794396-pix-682e06ef982b80da2c766164-4699-4709,4806,257794396,-,-,-,-,0,,,-,0,-,-,-,-,-,-,-,,,-,-,K,-,-,-,R,R,-,,1,,,0.20825142857142862,1.7632376470588236,8:48,84.1,-28.8,65.7,-2.99,-4.96,0.65,-6.98,0.3,-,-10.8,-,-,6.64,Fay,Lovich,Slider,Strike Swinging,82.1,2734.8,-,-,24.0%
2025-05-20 01:00:00,Top 5,1-2,2,daec1e10-3592-11f0-a93f-c16a47c07950,20250520-HooverMetropolitan-1,257794396-pix-682e06ef982b80da2c766164-4720-4733,4806,257794396,-,-,-,-,0,,,-,0,-,-,-,-,-,-,-,,,.000,-,K,.000,.000,.000,R,R,-,K/S,1,,,-0.8088342857142857,2.7015529411764705,8:53,86.4,-28.5,65.0,-3.25,-6.07,-0.31,-7.74,0.3,-,-15.5,-,-,6.50,Fay,Lovich,Slider,Strikeout (Swinging),82.6,2717.8,-,-,0.0%
2025-05-20 01:00:00,Top 5,0-0,1,577afa60-3592-11f0-a93f-c16a47c07950,20250520-HooverMetropolitan-1,257794396-pix-682e06ef982b80da2c766164-4500-4520,4806,257794396,1.70,-0.18,-,3.00,0,,,-,0,-,-,-,-,-,6.40s,-,,,-,60.2,IP_OUT,.000,.000,.000,R,L,-,4/P,1,,,0.21910857142857157,0.38734588235294115,2:16,248.1,-30.1,68.6,-4.21,-1.92,-0.37,-6.49,6.2,100.7,12.5,100.7,50.0,7.15,Fay,Daniels,Changeup,Pop Out,83.3,1547.4,93.1,67.5,98.6%
2025-05-20 01:00:00,Top 5,0-0,0,106b9a30-3592-11f0-a93f-c16a47c07950,20250520-HooverMetropolitan-1,257794396-pix-682e06ef982b80da2c766164-4382-4393,4806,257794396,-,-,-,-,0,,,-,0,-,-,-,-,-,-,-,,,-,-,IP_OUT,-,-,-,R,L,-,,,,1,1.0948685714285713,-1.2946164705882353,1:36,227.8,-27.4,70.5,-2.65,-0.34,-0.79,-4.68,12.5,-,12.6,-,-,6.84,Fay,Patterson,Fastball,Ball,90.5,2231.1,-,-,23.8%
2025-05-20 01:00:00,Top 5,1-0,0,1ac71f40-3592-11f0-a93f-c16a47c07950,20250520-HooverMetropolitan-1,257794396-pix-682e06ef982b80da2c766164-4401-4413,4806,257794396,-,-,-0.9,-,0,1,,1.26,2,0.70,1.48,79.6,-,-,-,-,,1,-,-,IP_OUT,-,-,-,R,L,1.97,,,,1,0.46700571428571436,1.134550588235294,9:33,106.5,-34.8,65.0,-2.96,-5.03,0.85,-6.52,5.0,-,-11.5,-,-,6.12,Fay,Patterson,Slider,Strike Looking,79.7,2653.6,-,-,79.5%
2025-05-20 01:00:00,Top 5,1-1,0,3159c730-3592-11f0-a93f-c16a47c07950,20250520-HooverMetropolitan-1,257794396-pix-682e06ef982b80da2c766164-4436-4448,4806,257794396,-,-,-,-,0,,,-,0,-,-,-,-,-,-,-,,,-,-,IP_OUT,-,-,-,R,L,-,,1,,,1.5634857142857146,-0.9157270588235293,9:42,111.0,-32.1,64.6,-1.17,-3.27,1.64,-5.19,5.8,-,-11.5,-,-,6.73,Fay,Patterson,Slider,Strike Swinging,80.5,2572.7,-,-,3.6%
2025-05-20 01:00:00,Top 5,1-2,0,3e7381e0-3592-11f0-a93f-c16a47c07950,20250520-HooverMetropolitan-1,257794396-pix-682e06ef982b80da2c766164-4457-4481,4806,257794396,1.60,0.29,-,3.29,0,,,-,0,-,-,-,-,36.1,5.99s,-,,,.029,43.6,IP_OUT,.034,.003,.031,R,L,-,4/P,1,,,0.4359771428571427,1.2513035294117647,8:37,78.5,-32.5,64.2,-2.47,-5.30,1.38,-6.95,-1.7,154.4,-15.7,154.4,32.0,6.20,Fay,Patterson,Slider,Pop Out,80.5,2608.1,82.8,64.2,40.4%
2025-05-20 01:00:00,Top 6,0-0,0,21209220-3594-11f0-a93f-c16a47c07950,20250520-HooverMetropolitan-1,257794396-pix-682e06ef982b80da2c766164-5120-5131,4806,257794396,-,-,-,-,0,,,-,0,-,-,-,-,-,-,-,,,-,-,K,-,-,-,R,R,-,,,,,-0.45059428571428584,0.09146823529411764,8:35,77.3,-31.2,65.1,-1.38,-4.41,0.63,-8.07,-2.2,-,-16.7,-,-,6.37,Fay,Seals,Slider,Strike Looking,79.0,2545.7,-,-,98.6%
2025-05-20 01:00:00,Top 6,0-1,0,2953e000-3594-11f0-a93f-c16a47c07950,20250520-HooverMetropolitan-1,257794396-pix-682e06ef982b80da2c766164-5134-5145,4806,257794396,-,-,-,-,0,,,-,0,-,-,-,-,-,-,-,,,-,-,K,-,-,-,R,R,-,,,,,0.7496685714285712,1.4257694117647057,2:26,253.1,-27.3,68.3,-5.10,-2.06,-0.42,-5.28,6.1,-,16.7,-,-,6.66,Fay,Seals,Sinker,Ball,92.4,2405.9,-,-,30.9%
2025-05-20 01:00:00,Top 6,1-1,0,31e839a0-3594-11f0-a93f-c16a47c07950,20250520-HooverMetropolitan-1,257794396-pix-682e06ef982b80da2c766164-5150-5160,4806,257794396,-,-,-,-,0,,,-,0,-,-,-,-,-,-,-,,,-,-,K,-,-,-,R,R,-,,,,,-0.03264000000000016,0.46736470588235296,8:47,83.3,-30.9,66.2,-1.66,-4.63,0.63,-7.41,-0.6,-,-16.5,-,-,6.21,Fay,Seals,Slider,Foul,80.3,2608.7,-,-,98.3%
2025-05-20 01:00:00,Top 6,1-2,0,3da598a0-3594-11f0-a93f-c16a47c07950,20250520-HooverMetropolitan-1,257794396-pix-682e06ef982b80da2c766164-5169-5180,4806,257794396,-,-,-,-,0,,,-,0,-,-,-,-,-,-,-,,,.000,-,K,.000,.000,.000,R,R,-,K/S,,,,1.0155428571428569,1.936390588235294,8:38,79.2,-28.6,65.6,-3.30,-4.84,1.42,-6.14,-0.4,-,-8.6,-,-,6.28,Fay,Seals,Slider,Strikeout (Swinging),82.7,2753.7,-,-,0.3%
2025-05-20 01:00:00,Top 6,0-0,2,683326a0-3594-11f0-a93f-c16a47c07950,20250520-HooverMetropolitan-1,257794396-pix-682e06ef982b80da2c766164-5241-5251,4806,257794396,-,-,-,-,0,,,-,0,-,-,-,-,-,-,-,,,-,-,BB,-,-,-,R,L,-,,,,,1.5629828571428572,-1.8641788235294117,1:40,229.9,-28.2,71.9,-2.25,-0.01,-0.54,-4.23,11.2,-,12.3,-,-,6.61,Fay,Serna,Fastball,Ball,93.4,2283.8,-,-,0.7%
2025-05-20 01:00:00,Top 6,1-0,2,73c81610-3594-11f0-a93f-c16a47c07950,20250520-HooverMetropolitan-1,257794396-pix-682e06ef982b80da2c766164-5259-5270,4806,257794396,-,-,-,-,0,,,-,0,-,-,-,-,-,-,-,,,-,-,BB,-,-,-,R,L,-,,,,,0.04815999999999982,-3.281745882352941,2:58,268.9,-26.9,68.1,-1.13,1.31,0.00,-7.03,1.3,-,13.3,-,-,6.87,Fay,Serna,Changeup,Ball,82.7,1769.5,-,-,0.0%
2025-05-20 01:00:00,Top 6,2-0,2,7d766b30-3594-11f0-a93f-c16a47c07950,20250520-HooverMetropolitan-1,257794396-pix-682e06ef982b80da2c766164-5278-5286,4806,257794396,-,-,-,-,0,,,-,0,-,-,-,-,-,-,-,,,-,-,BB,-,-,-,R,L,-,,,,,-1.6004457142857142,0.20549647058823528,2:34,257.1,-27.9,67.9,-4.08,-1.30,-2.51,-7.53,4.3,-,15.3,-,-,6.60,Fay,Serna,Sinker,Ball,92.7,2364.1,-,-,1.0%
2025-05-20 01:00:00,Top 6,3-0,2,869d8ef0-3594-11f0-a93f-c16a47c07950,20250520-HooverMetropolitan-1,257794396-pix-682e06ef982b80da2c766164-5292-5317,4806,257794396,-,-,-,-,0,,,-,0,-,-,-,-,-,-,-,,,.697,-,BB,-,-,-,R,L,-,W,,,,-0.2628800000000001,-1.2061694117647057,2:41,260.4,-28.2,68.4,-3.00,-0.25,-1.16,-6.42,3.4,-,15.2,-,-,6.45,Fay,Serna,Sinker,Walk,91.9,2248.6,-,-,92.2%
2025-05-20 01:00:00,Top 6,0-0,1,5050a620-3594-11f0-a93f-c16a47c07950,20250520-HooverMetropolitan-1,257794396-pix-682e06ef982b80da2c766164-5199-5215,4806,257794396,0.56,0.13,-,2.44,0,,,-,0,-,-,-,-,40.4,0.02s,-,,,.028,45.0,IP_OUT,.032,.001,.032,R,L,-,43/G,,,,0.06446857142857151,0.09190588235294118,8:30,74.8,-35.3,64.1,-2.39,-4.16,0.98,-7.26,-1.2,1.7,-9.8,88.9,65.2,6.48,Fay,Nicoletto,Slider,Ground Out,80.1,2552.1,86.7,-62.2,98.5%
2025-05-20 01:00:00,Top 6,0-0,2,9ba1f5c0-3594-11f0-a93f-c16a47c07950,20250520-HooverMetropolitan-1,257794396-pix-682e06ef982b80da2c766164-5323-5337,4806,257794396,-,-,-,-,0,,,-,0,-,-,-,-,-,-,-,,,-,-,S,-,-,-,R,R,-,,,,1,-1.1858857142857142,2.5198588235294115,8:52,86.0,-31.2,64.9,-3.41,-6.08,-0.48,-8.19,0.1,-,-14.9,-,-,6.24,Fay,Macon,Slider,Strike Swinging,80.7,2653.3,-,-,0.0%
2025-05-20 01:00:00,Top 6,0-1,2,b9c012d0-3594-11f0-a93f-c16a47c07950,20250520-HooverMetropolitan-1,257794396-pix-682e06ef982b80da2c766164-5378-5388,4806,257794396,-,-,-,-,0,,,-,0,-,-,-,-,-,-,-,,,-,-,S,-,-,-,R,R,-,,,,1,-0.32469714285714296,0.15549176470588236,9:08,94.2,-30.3,65.4,-1.35,-4.38,0.01,-7.21,2.4,-,-16.7,-,-,6.50,Fay,Macon,Slider,Strike Looking,81.1,2618.2,-,-,98.1%
2025-05-20 01:00:00,Top 6,0-2,2,c3f7bc30-3594-11f0-a93f-c16a47c07950,20250520-HooverMetropolitan-1,257794396-pix-682e06ef982b80da2c766164-5396-5410,4806,257794396,0.63,0.34,-,2.76,0,,,-,0,-,-,-,-,90.2,0.65s,-,,,.333,3.0,S,.381,.008,.372,R,R,-,S/8.1-2,,,1,0.44093714285714264,0.4051341176470588,8:35,77.5,-28.2,65.5,-1.72,-4.01,0.98,-6.75,-1.6,80.9,-12.6,133.9,2.6,6.35,Fay,Macon,Slider,Single on a Line Drive,82.6,2574.7,90.6,5.1,97.8%
2025-05-20 01:00:00,Top 6,0-0,2,dbe909c0-3594-11f0-a93f-c16a47c07950,20250520-HooverMetropolitan-1,257794396-pix-682e06ef982b80da2c766164-5434-5449,4806,257794396,2.80,-0.52,-,2.75,0,,,-,0,-,-,-,-,17.7,0.03s,-,,,.142,-5.0,IP_OUT,.160,.000,.160,R,R,-,13/G,1,,1,0.1142628571428571,-0.7077176470588235,1:56,238.2,-28.1,69.0,-3.08,-0.94,-0.76,-6.31,8.4,3.5,11.7,44.0,19.5,6.77,Fay,Knutson,Changeup,Ground Out,84.3,1781.0,68.2,-74.9,98.2%
2025-05-20 01:00:00,Top 7,0-0,2,9ab348a0-3597-11f0-a93f-c16a47c07950,20250520-HooverMetropolitan-1,257794396-pix-682e06ef982b80da2c766164-6347-6356,4806,257794396,-,-,-,-,0,,,-,0,-,-,-,-,-,-,-,,,-,-,K,-,-,-,R,R,-,,,1,1,-0.8013257142857143,1.6537129411764706,9:00,90.2,-28.3,65.3,-2.23,-5.41,-0.27,-7.84,1.5,-,-17.6,-,-,6.28,Myers,Seals,Slider,Ball,81.4,2379.7,-,-,25.1%
2025-05-20 01:00:00,Top 7,1-0,2,a5b9dac0-3597-11f0-a93f-c16a47c07950,20250520-HooverMetropolitan-1,257794396-pix-682e06ef982b80da2c766164-6364-6374,4806,257794396,-1.58,-1.06,-,1.79,0,,,-,0,-,-,-,-,-,-,-,,,-,-,K,-,-,-,R,R,-,,,1,1,-0.35771428571428593,-1.6949364705882353,9:18,99.0,-26.9,64.1,0.26,-2.52,0.22,-7.28,3.9,-,-15.4,-,-12.4,6.22,Myers,Seals,Slider,Ball,79.2,2450.3,34.0,-1.6,7.6%
2025-05-20 01:00:00,Top 7,2-0,2,b2cfc4e0-3597-11f0-a93f-c16a47c07950,20250520-HooverMetropolitan-1,257794396-pix-682e06ef982b80da2c766164-6383-6396,4806,257794396,-,-,-,-,0,,,-,0,-,-,-,-,-,-,-,,,-,-,K,-,-,-,R,R,-,,,1,1,-0.17449142857142874,2.0308658823529413,12:36,198.1,-23.9,66.2,-4.31,-3.23,-2.31,-4.82,19.2,-,5.9,-,-,7.00,Myers,Seals,Fastball,Ball,91.9,2440.9,-,-,2.9%
2025-05-20 01:00:00,Top 7,3-0,2,beb433e0-3597-11f0-a93f-c16a47c07950,20250520-HooverMetropolitan-1,257794396-pix-682e06ef982b80da2c766164-6405-6416,4806,257794396,-,-,-,-,0,,,-,0,-,-,-,-,-,-,-,,,-,-,K,-,-,-,R,R,-,,,1,1,-0.35995428571428584,1.2237882352941176,12:45,202.7,-22.2,67.4,-3.72,-2.23,-2.71,-4.98,20.7,-,8.2,-,-,6.80,Myers,Seals,Fastball,Strike Looking,92.3,2508.8,-,-,94.9%
2025-05-20 01:00:00,Top 7,3-1,2,cb5255f0-3597-11f0-a93f-c16a47c07950,20250520-HooverMetropolitan-1,257794396-pix-682e06ef982b80da2c766164-6428-6439,4806,257794396,0.14,-0.66,-,2.42,0,,,-,0,-,-,-,-,-,-,-,,,-,-,K,-,-,-,R,R,-,,,1,1,-0.004331428571428526,-1.0728141176470587,10:13,126.6,-26.1,63.9,-0.59,-2.48,-0.02,-6.34,9.2,-,-10.5,-,121.9,6.23,Myers,Seals,Slider,Foul,80.5,2393.8,60.0,53.7,93.7%
2025-05-20 01:00:00,Top 7,3-2,2,dc16f030-3597-11f0-a93f-c16a47c07950,20250520-HooverMetropolitan-1,257794396-pix-682e06ef982b80da2c766164-6452-6468,4806,257794396,-,-,-,-,0,,,-,0,-,-,-,-,-,-,-,,,.000,-,K,.000,.000,.000,R,R,-,K/C,,1,1,-0.8745599999999999,-1.119924705882353,9:54,116.9,-25.7,64.4,-0.27,-2.66,-0.89,-7.22,8.1,-,-13.2,-,-,6.36,Myers,Seals,Slider,Strikeout (Looking),81.2,2417.3,-,-,60.6%
2025-05-20 01:00:00,Top 7,0-0,0,f9bd5720-3595-11f0-a93f-c16a47c07950,20250520-HooverMetropolitan-1,257794396-pix-682e06ef982b80da2c766164-5736-5746,4806,257794396,-,-,-,-,0,,,-,0,-,-,-,-,-,-,-,,,-,-,S,-,-,-,L,L,-,,,,,0.7063885714285715,1.131529411764706,10:27,133.7,20.9,67.3,2.09,-0.04,-0.96,-4.63,12.2,-,-11.7,-,-,6.52,Heiberger,Peer,Fastball,Strike Looking,92.9,1962.6,-,-,55.4%
2025-05-20 01:00:00,Top 7,0-1,0,022374d0-3596-11f0-a93f-c16a47c07950,20250520-HooverMetropolitan-1,257794396-pix-682e06ef982b80da2c766164-5751-5760,4806,257794396,-,-,-,-,0,,,-,0,-,-,-,-,-,-,-,,,-,-,S,-,-,-,L,L,-,,,,,0.1516914285714286,-0.2549505882352941,12:09,184.3,22.0,67.5,2.13,2.26,-0.78,-5.90,11.1,-,0.7,-,-,6.42,Heiberger,Peer,Slider,Strike Looking,84.4,2415.5,-,-,100.0%
2025-05-20 01:00:00,Top 7,0-2,0,0e76ab30-3596-11f0-a93f-c16a47c07950,20250520-HooverMetropolitan-1,257794396-pix-682e06ef982b80da2c766164-5770-5782,4806,257794396,-,-,-,-,0,,,-,0,-,-,-,-,-,-,-,,,-,-,S,-,-,-,L,L,-,,,,,-0.42651428571428596,-2.7249035294117645,1:07,213.6,20.0,68.2,3.32,4.50,-1.37,-6.52,10.9,-,6.5,-,-,6.47,Heiberger,Peer,Slider,Ball,84.1,2314.8,-,-,0.0%
2025-05-20 01:00:00,Top 7,1-2,0,17697880-3596-11f0-a93f-c16a47c07950,20250520-HooverMetropolitan-1,257794396-pix-682e06ef982b80da2c766164-5788-5798,4806,257794396,-0.65,0.63,-,3.19,0,,,-,0,-,-,-,-,-,-,-,,,-,-,S,-,-,-,L,L,-,,,,,1.4954514285714287,0.5130917647058824,10:28,134.2,19.8,68.5,2.59,0.20,-0.42,-3.89,13.9,-,-13.2,-,-71.8,6.31,Heiberger,Peer,Fastball,Foul,92.9,2029.6,75.8,18.6,1.2%
2025-05-20 01:00:00,Top 7,1-2,0,275e66b0-3596-11f0-a93f-c16a47c07950,20250520-HooverMetropolitan-1,257794396-pix-682e06ef982b80da2c766164-5810-5823,4806,257794396,-,-,-,-,0,,,-,0,-,-,-,-,-,-,-,,,-,-,S,-,-,-,L,L,-,,,,,-1.1402400000000001,-0.6727058823529412,10:05,122.4,18.6,67.6,3.46,0.95,-2.61,-6.50,9.6,-,-13.8,-,-,6.56,Heiberger,Peer,Sinker,Ball,94.0,1991.3,-,-,31.4%
2025-05-20 01:00:00,Top 7,2-2,0,314f9130-3596-11f0-a93f-c16a47c07950,20250520-HooverMetropolitan-1,257794396-pix-682e06ef982b80da2c766164-5829-5847,4806,257794396,0.35,0.87,-,3.22,0,,,-,0,-,-,-,-,64.9,1.02s,-,,,.134,-4.9,S,.153,.003,.150,L,L,-,S/6,,,,0.8894171428571427,1.1722023529411765,10:00,119.9,18.6,67.8,2.21,-0.64,-0.63,-4.71,10.0,89.4,-15.7,89.4,-3.4,6.54,Heiberger,Peer,Sinker,Single on a Ground Ball,92.8,1956.9,65.6,8.6,20.6%
2025-05-20 01:00:00,Top 7,0-0,2,ef6a1a00-3596-11f0-a93f-c16a47c07950,20250520-HooverMetropolitan-1,257794396-pix-682e06ef982b80da2c766164-6150-6167,4806,257794396,0.80,0.57,-,2.74,0,,,-,0,-,-,-,-,106.3,0.57s,-,,,.436,14.0,S,.496,.007,.489,L,R,-,S/9.1-3,,,1,0.30420571428571413,0.8135435294117647,9:51,115.7,18.1,69.4,2.61,-0.58,-1.20,-5.54,9.4,83.3,-17.6,143.3,11.3,6.59,Heiberger,Lovich,Sinker,Single on a Ground Ball,91.6,2072.2,106.4,1.3,98.8%
2025-05-20 01:00:00,Top 7,0-0,2,9e23d3c0-3596-11f0-a93f-c16a47c07950,20250520-HooverMetropolitan-1,257794396-pix-682e06ef982b80da2c766164-6013-6023,4806,257794396,-,-,-,-,0,,,-,0,-,-,-,-,-,-,-,,,-,-,HBP,-,-,-,L,L,-,,,,,-0.2320457142857144,-0.41008941176470587,10:13,126.4,16.6,67.7,3.08,0.57,-1.71,-5.74,11.2,-,-13.8,-,-,6.63,Heiberger,Daniels,Fastball,Strike Looking,91.2,1890.9,-,-,99.2%
2025-05-20 01:00:00,Top 7,0-1,2,a79b1350-3596-11f0-a93f-c16a47c07950,20250520-HooverMetropolitan-1,257794396-pix-682e06ef982b80da2c766164-6028-6038,4806,257794396,-,-,-,-,0,,,-,0,-,-,-,-,-,-,-,,,-,-,HBP,-,-,-,L,L,-,,,,,-0.06291428571428577,0.2493035294117647,10:11,125.7,17.2,68.9,2.63,0.11,-1.63,-5.71,11.0,-,-13.9,-,-,6.53,Heiberger,Daniels,Fastball,Strike Looking,91.5,1977.7,-,-,97.1%
2025-05-20 01:00:00,Top 7,0-2,2,cf0c9440-3596-11f0-a93f-c16a47c07950,20250520-HooverMetropolitan-1,257794396-pix-682e06ef982b80da2c766164-6093-6114,4806,257794396,-,-,-,-,0,,,-,0,-,-,-,-,-,-,-,,,.728,-,HBP,-,-,-,L,L,-,HP,,,,2.649474285714286,3.2474823529411765,10:32,136.2,17.9,69.8,0.32,-2.08,0.48,-2.84,14.9,-,-13.2,-,-,6.41,Heiberger,Daniels,Fastball,Hit By Pitch,92.5,2296.9,-,-,0.0%
2025-05-20 01:00:00,Top 7,0-0,0,4de56090-3596-11f0-a93f-c16a47c07950,20250520-HooverMetropolitan-1,257794396-pix-682e06ef982b80da2c766164-5875-5887,4806,257794396,-,-,-,-,0,,,-,0,-,-,-,-,-,-,-,,,-,-,K,-,-,-,L,R,-,,,,1,0.8996685714285714,1.2848047058823528,10:21,130.6,19.1,67.7,1.73,-0.24,-0.51,-4.80,10.3,-,-10.8,-,-,6.64,Heiberger,Patterson,Fastball,Strike Looking,90.7,1904.8,-,-,51.3%
2025-05-20 01:00:00,Top 7,0-1,0,59eaec20-3596-11f0-a93f-c16a47c07950,20250520-HooverMetropolitan-1,257794396-pix-682e06ef982b80da2c766164-5896-5908,4806,257794396,-,-,-,-,0,,,-,0,-,-,-,-,-,-,-,,,-,-,K,-,-,-,L,R,-,,,,1,0.47179428571428567,-1.5094870588235294,10:13,126.6,15.7,67.8,3.54,1.65,-0.85,-5.27,8.6,-,-10.4,-,-,6.62,Heiberger,Patterson,Sinker,Ball,91.4,1989.5,-,-,10.4%
2025-05-20 01:00:00,Top 7,1-1,0,661e3e70-3596-11f0-a93f-c16a47c07950,20250520-HooverMetropolitan-1,257794396-pix-682e06ef982b80da2c766164-5916-5933,4806,257794396,-0.36,0.03,-,3.17,0,,,-,0,-,-,-,-,-,-,-,,,-,-,K,-,-,-,L,R,-,,,,1,0.9675085714285713,0.23483294117647055,9:37,108.5,18.9,67.3,2.77,0.29,-0.10,-4.97,5.4,-,-13.6,-,64.3,6.47,Heiberger,Patterson,Sinker,Foul,92.7,1983.6,94.3,6.5,66.4%
2025-05-20 01:00:00,Top 7,1-2,1,8ae14130-3596-11f0-a93f-c16a47c07950,20250520-HooverMetropolitan-1,257794396-pix-682e06ef982b80da2c766164-5980-5990,4806,257794396,-,-,-,-,0,,,-,0,-,-,-,-,-,-,-,,,.000,-,K,.000,.000,.000,L,R,-,K/S,,,,0.6955199999999999,0.42518117647058823,12:00,179.9,21.3,67.8,1.61,1.61,-0.53,-5.21,12.3,-,-0.0,-,-,6.61,Heiberger,Patterson,Slider,Strikeout (Swinging),85.5,2144.5,-,-,97.4%
2025-05-20 01:00:00,Top 8,0-1,2,82509440-359a-11f0-a93f-c16a47c07950,20250520-HooverMetropolitan-1,257794396-pix-682e06ef982b80da2c766164-7412-7422,4806,257794396,-,-,-,-,0,,,-,0,-,-,-,-,-,-,-,,,-,-,IP_OUT,-,-,-,R,L,-,,1,,1,-1.6486171428571428,-0.44215058823529413,9:10,94.9,-26.3,63.7,-1.13,-2.96,-0.98,-8.41,2.1,-,-10.1,-,-,6.42,Myers,Peer,Slider,Ball,80.1,2360.0,-,-,2.7%
2025-05-20 01:00:00,Top 8,1-1,2,8d5885f0-359a-11f0-a93f-c16a47c07950,20250520-HooverMetropolitan-1,257794396-pix-682e06ef982b80da2c766164-7431-7440,4806,257794396,-,-,-,-,0,,,-,0,-,-,-,-,-,-,-,,,-,-,IP_OUT,-,-,-,R,L,-,,1,,1,0.1271085714285713,-1.9089882352941177,2:05,242.4,-27.5,63.3,-2.19,0.10,-0.35,-5.71,7.6,-,12.4,-,-,7.33,Myers,Peer,Changeup,Ball,85.7,2325.2,-,-,6.0%
2025-05-20 01:00:00,Top 8,2-1,2,9923a090-359a-11f0-a93f-c16a47c07950,20250520-HooverMetropolitan-1,257794396-pix-682e06ef982b80da2c766164-7450-7466,4806,257794396,1.00,-0.73,-,2.39,0,,,-,0,-,-,-,-,58.2,5.70s,-,,,.025,-43.8,IP_OUT,.032,.006,.026,R,L,-,7/F,1,,1,-0.3980800000000002,-0.6589835294117646,12:42,201.2,-23.3,66.5,-2.24,-1.01,-2.53,-5.06,18.3,275.0,6.7,275.0,-23.9,6.86,Myers,Peer,Fastball,Fly Out,92.8,2420.6,91.7,50.6,97.3%
2025-05-20 01:00:00,Top 8,0-0,1,b1a9f7a0-3599-11f0-a93f-c16a47c07950,20250520-HooverMetropolitan-1,257794396-pix-682e06ef982b80da2c766164-7061-7073,4806,257794396,-,-,-,-,0,,,-,0,-,-,-,-,-,-,-,,,-,-,HBP,-,-,-,R,L,-,,,,,-0.3534857142857142,-2.032461176470588,9:49,114.7,-24.8,65.3,0.47,-1.83,-0.44,-6.82,7.2,-,-12.7,-,-,6.27,Myers,Serna,Slider,Ball,81.7,2445.3,-,-,4.2%
2025-05-20 01:00:00,Top 8,1-0,1,ba9d8840-3599-11f0-a93f-c16a47c07950,20250520-HooverMetropolitan-1,257794396-pix-682e06ef982b80da2c766164-7075-7088,4806,257794396,-,-,-,-,0,,,-,0,-,-,-,-,-,-,-,,,-,-,HBP,-,-,-,R,L,-,,,,,-0.8150514285714286,0.17738823529411765,9:56,117.8,-24.7,64.2,-1.54,-3.21,-0.69,-7.24,6.1,-,-9.2,-,-,6.43,Myers,Serna,Slider,Strike Swinging,81.2,2323.7,-,-,93.7%
2025-05-20 01:00:00,Top 8,1-1,1,c4f25690-3599-11f0-a93f-c16a47c07950,20250520-HooverMetropolitan-1,257794396-pix-682e06ef982b80da2c766164-7095-7108,4806,257794396,0.64,-0.31,-,4.73,0,,,-,0,-,-,-,-,-,-,-,,,-,-,HBP,-,-,-,R,L,-,,,,,0.2510857142857143,0.6065505882352941,12:43,201.7,-22.4,66.4,-3.07,-1.95,-1.74,-4.57,16.4,-,6.1,-,-59.3,6.71,Myers,Serna,Fastball,Foul,93.3,2486.8,60.8,68.7,97.7%
2025-05-20 01:00:00,Top 8,1-2,1,d87b19e0-3599-11f0-a93f-c16a47c07950,20250520-HooverMetropolitan-1,257794396-pix-682e06ef982b80da2c766164-7127-7138,4806,257794396,-,-,-,-,0,,,-,0,-,-,-,-,-,-,-,,,-,-,HBP,-,-,-,R,L,-,,,,,2.0401028571428577,-0.7510305882352941,1:05,212.4,-21.5,67.4,-2.27,-0.49,-0.18,-2.91,16.3,-,9.7,-,-,6.87,Myers,Serna,Fastball,Ball,94.0,2381.5,-,-,0.0%
2025-05-20 01:00:00,Top 8,2-2,1,e3408450-3599-11f0-a93f-c16a47c07950,20250520-HooverMetropolitan-1,257794396-pix-682e06ef982b80da2c766164-7143-7169,4806,257794396,-,-,-,-,0,,,-,0,-,-,-,-,-,-,-,,,.728,-,HBP,-,-,-,R,L,-,HP,,,,-1.0389485714285716,2.0629552941176468,12:54,206.9,-20.8,66.8,-4.24,-2.77,-3.10,-5.76,16.9,-,8.1,-,-,6.93,Myers,Serna,Fastball,Hit By Pitch,93.6,2509.0,-,-,0.0%
2025-05-20 01:00:00,Top 8,0-0,0,6e38a5c0-3599-11f0-a93f-c16a47c07950,20250520-HooverMetropolitan-1,257794396-pix-682e06ef982b80da2c766164-6950-6959,4806,257794396,-,-,-,-,0,,,-,0,-,-,-,-,-,-,-,,,-,-,K,-,-,-,R,L,-,,,,,-0.1379085714285715,-1.594404705882353,2:21,250.6,-29.3,64.9,-2.95,0.06,-0.49,-6.38,7.0,-,16.4,-,-,7.17,Myers,Nicoletto,Changeup,Ball,83.9,2256.6,-,-,38.8%
2025-05-20 01:00:00,Top 8,1-0,0,77554230-3599-11f0-a93f-c16a47c07950,20250520-HooverMetropolitan-1,257794396-pix-682e06ef982b80da2c766164-6965-6975,4806,257794396,-0.39,-1.18,-,2.37,0,,,-,0,-,-,-,-,-,-,-,,,-,-,K,-,-,-,R,L,-,,,,,-0.03323428571428571,-1.004936470588235,10:00,119.8,-27.4,65.1,-0.68,-2.74,-0.10,-6.52,7.8,-,-11.4,-,-60.1,6.30,Myers,Nicoletto,Slider,Foul,80.7,2476.0,81.3,58.2,97.0%
2025-05-20 01:00:00,Top 8,1-1,0,83323720-3599-11f0-a93f-c16a47c07950,20250520-HooverMetropolitan-1,257794396-pix-682e06ef982b80da2c766164-6985-6995,4806,257794396,-,-,-,-,0,,,-,0,-,-,-,-,-,-,-,,,-,-,K,-,-,-,R,L,-,,,,,-0.7542171428571428,0.7098494117647058,12:52,206.1,-21.7,66.4,-3.18,-1.88,-2.58,-5.65,15.6,-,7.2,-,-,6.80,Myers,Nicoletto,Fastball,Strike Looking,92.5,2329.3,-,-,96.6%
2025-05-20 01:00:00,Top 8,1-2,0,8f095fb0-3599-11f0-a93f-c16a47c07950,20250520-HooverMetropolitan-1,257794396-pix-682e06ef982b80da2c766164-7003-7015,4806,257794396,-,-,-,-,0,,,-,0,-,-,-,-,-,-,-,,,-,-,K,-,-,-,R,L,-,,,,,-1.6893142857142858,-1.441214117647059,2:40,260.2,-26.5,65.2,-2.75,0.12,-1.93,-8.01,3.9,-,15.5,-,-,7.32,Myers,Nicoletto,Changeup,Foul,86.3,2136.7,-,-,0.5%
2025-05-20 01:00:00,Top 8,1-2,0,9cc12f20-3599-11f0-a93f-c16a47c07950,20250520-HooverMetropolitan-1,257794396-pix-682e06ef982b80da2c766164-7027-7038,4806,257794396,-,-,-,-,0,,,-,0,-,-,-,-,-,-,-,,,.000,-,K,.000,.000,.000,R,L,-,K/C,,,,-0.6495657142857143,1.2366070588235294,12:50,205.1,-20.4,66.4,-3.45,-2.19,-2.51,-5.52,15.7,-,6.9,-,-,6.73,Myers,Nicoletto,Fastball,Strikeout (Looking),93.1,2322.3,-,-,31.3%
2025-05-20 01:00:00,Top 8,0-0,1,fa4ffd60-3599-11f0-a93f-c16a47c07950,20250520-HooverMetropolitan-1,257794396-pix-682e06ef982b80da2c766164-7183-7194,4806,257794396,-,-,-,-,0,,,-,0,-,-,-,-,-,-,-,,,-,-,IP_OUT,-,-,-,R,R,-,,,,1,-0.6453599999999999,1.2938399999999999,9:48,114.1,-26.0,65.0,-2.41,-4.29,-0.41,-7.33,6.0,-,-10.4,-,-,6.35,Myers,Macon,Slider,Strike Looking,79.7,2463.0,-,-,81.5%
2025-05-20 01:00:00,Top 8,0-1,1,0533ec50-359a-11f0-a93f-c16a47c07950,20250520-HooverMetropolitan-1,257794396-pix-682e06ef982b80da2c766164-7199-7212,4806,257794396,-,-,-,-,0,,,-,0,-,-,-,-,-,-,-,,,-,-,IP_OUT,-,-,-,R,R,-,,,,1,-1.0928114285714285,3.13728,12:45,202.6,-21.2,67.4,-4.99,-3.75,-3.21,-5.86,17.3,-,6.8,-,-,6.94,Myers,Macon,Fastball,Ball,93.3,2561.8,-,-,0.0%
2025-05-20 01:00:00,Top 8,1-1,1,10d3ff50-359a-11f0-a93f-c16a47c07950,20250520-HooverMetropolitan-1,257794396-pix-682e06ef982b80da2c766164-7221-7233,4806,257794396,-,-,-,-,0,,,-,0,-,-,-,-,-,-,-,,,-,-,IP_OUT,-,-,-,R,R,-,,,,1,-0.7496114285714286,1.3857458823529412,9:28,103.8,-26.6,64.2,-2.10,-4.85,-0.42,-7.38,5.0,-,-15.2,-,-22.2,6.43,Myers,Macon,Slider,Strike Swinging,80.4,2426.3,35.2,-1.1,63.0%
2025-05-20 01:00:00,Top 8,1-2,1,1f62f4e0-359a-11f0-a93f-c16a47c07950,20250520-HooverMetropolitan-1,257794396-pix-682e06ef982b80da2c766164-7246-7261,4806,257794396,1.44,1.11,-,2.43,0,,,-,0,-,-,-,-,71.6,4.20s,-,,,.047,-13.0,IP_OUT,.065,.020,.045,R,R,-,8/F,,,1,-0.0978514285714286,1.579454117647059,10:23,131.7,-25.3,63.4,-2.69,-4.32,-0.19,-6.24,9.3,300.2,-9.0,300.2,-11.0,6.45,Myers,Macon,Slider,Fly Out,81.2,2413.4,81.3,28.3,32.0%
2025-05-20 01:00:00,Top 8,0-0,2,379961c0-359a-11f0-a93f-c16a47c07950,20250520-HooverMetropolitan-1,257794396-pix-682e06ef982b80da2c766164-7286-7297,4806,257794396,-,-,-,-,0,,,-,0,-,-,-,-,-,-,-,,,-,-,S,-,-,-,R,R,-,,,,1,-0.8259085714285713,2.0101694117647058,12:52,206.0,-23.2,67.3,-4.47,-2.91,-2.98,-5.60,18.6,-,8.6,-,-,7.03,Myers,Knutson,Fastball,Ball,91.8,2566.2,-,-,5.6%
2025-05-20 01:00:00,Top 8,1-0,2,42b02080-359a-11f0-a93f-c16a47c07950,20250520-HooverMetropolitan-1,257794396-pix-682e06ef982b80da2c766164-7305-7315,4806,257794396,-,-,-,-,0,,,-,0,-,-,-,-,-,-,-,,,-,-,S,-,-,-,R,R,-,,,,1,0.5075885714285714,1.2406588235294118,1:59,239.7,-26.2,62.3,-4.83,-1.93,-0.01,-5.14,10.3,-,15.8,-,-,7.24,Myers,Knutson,Changeup,Strike Looking,84.3,2359.7,-,-,83.1%
2025-05-20 01:00:00,Top 8,1-1,2,4f358a70-359a-11f0-a93f-c16a47c07950,20250520-HooverMetropolitan-1,257794396-pix-682e06ef982b80da2c766164-7326-7338,4806,257794396,-,-,-,-,0,,,-,0,-,-,-,-,-,-,-,,,-,-,S,-,-,-,R,R,-,,,,1,-0.49518857142857137,1.795976470588235,9:49,114.4,-26.9,62.8,-2.69,-4.94,-0.25,-6.83,7.0,-,-12.4,-,-,6.36,Myers,Knutson,Slider,Foul,81.0,2471.5,-,-,14.7%
2025-05-20 01:00:00,Top 8,1-2,2,5fe00d00-359a-11f0-a93f-c16a47c07950,20250520-HooverMetropolitan-1,257794396-pix-682e06ef982b80da2c766164-7353-7371,4806,257794396,0.61,1.41,-,2.04,0,,,-,0,-,-,-,-,77.0,0.37s,-,,,.131,-1.0,S,.149,.001,.148,R,R,-,S/8.1-2,,,1,-0.43643428571428594,1.9095388235294115,9:55,117.3,-25.1,64.1,-3.00,-4.50,-0.33,-6.85,5.4,40.3,-8.3,126.1,-3.0,6.56,Myers,Knutson,Slider,Single on a Ground Ball,81.8,2446.5,77.0,0.6,6.1%
2025-05-20 01:00:00,Top 9,0-0,1,8f337590-359c-11f0-a93f-c16a47c07950,20250520-HooverMetropolitan-1,257794396-pix-682e06ef982b80da2c766164-8126-8139,4806,257794396,-,-,-,-,0,,,-,0,-,-,-,-,-,-,-,,,-,-,FC,-,-,-,R,R,-,,1,,1,0.6137485714285715,1.3666729411764706,1:30,225.2,-45.9,58.2,-5.99,-4.40,0.29,-4.39,9.9,-,8.9,-,-,6.39,Ozmer,Seals,Sinker,Strike Looking,88.8,2406.6,-,-,63.3%
2025-05-20 01:00:00,Top 9,0-1,1,9b2c56f0-359c-11f0-a93f-c16a47c07950,20250520-HooverMetropolitan-1,257794396-pix-682e06ef982b80da2c766164-8147-8164,4806,257794396,-0.56,-0.18,-,2.20,0,,,-,0,-,-,-,-,99.3,0.06s,-,,,.325,39.0,FC,.448,.138,.310,R,R,-,FC.2-3;1-2(E3),1,,1,-0.08451428571428567,-0.18491294117647059,2:02,240.8,-45.8,59.4,-5.07,-2.89,-0.34,-5.26,7.8,8.7,12.2,139.2,38.0,6.06,Ozmer,Seals,Sinker,Fielder's Choice,89.7,2391.8,102.1,-13.3,98.7%
2025-05-20 01:00:00,Top 9,0-0,1,6ef70c60-359c-11f0-a93f-c16a47c07950,20250520-HooverMetropolitan-1,257794396-pix-682e06ef982b80da2c766164-8071-8085,4806,257794396,-,-,-,-,0,,,-,1,1.71,-,46.8,-,-,-,-,,,-,-,HBP,-,-,-,R,R,-,,,,1,-1.12856,0.6753882352941176,1:51,235.3,-43.6,59.4,-5.68,-3.18,-1.53,-6.06,10.9,-,14.0,-,-,6.10,Ozmer,Lovich,Sinker,Ball,89.3,2389.3,-,-,58.1%
2025-05-20 01:00:00,Top 9,1-0,1,78cbae30-359c-11f0-a93f-c16a47c07950,20250520-HooverMetropolitan-1,257794396-pix-682e06ef982b80da2c766164-8091-8107,4806,257794396,-,-,-,-,0,,,-,0,-,-,-,-,-,-,-,,,.728,-,HBP,-,-,-,R,R,-,HP.1-2,,,1,0.21080000000000002,-2.8363341176470587,9:26,103.0,-46.4,55.0,-0.28,-3.67,2.03,-6.33,6.0,-,-19.1,-,-,5.22,Ozmer,Lovich,Slider,Hit By Pitch,74.5,2363.6,-,-,0.0%
2025-05-20 01:00:00,Top 9,0-0,1,57a1d7c0-359c-11f0-a93f-c16a47c07950,20250520-HooverMetropolitan-1,257794396-pix-682e06ef982b80da2c766164-8036-8053,4806,257794396,0.15,0.21,-,2.29,0,,,-,0,-,-,-,-,54.6,3.85s,-,,,.512,-29.2,S,.583,.009,.574,R,L,-,S/7,,,,-0.19745142857142842,0.19574117647058822,1:48,234.0,-44.6,58.5,-5.51,-2.84,-0.63,-5.06,11.9,217.8,14.9,217.8,-18.3,6.28,Ozmer,Daniels,Slider,Single on a Fly Ball,88.1,2379.9,68.5,37.1,98.5%
2025-05-20 01:00:00,Top 9,0-0,2,f79bab70-359c-11f0-a93f-c16a47c07950,20250520-HooverMetropolitan-1,257794396-pix-682e06ef982b80da2c766164-8305-8315,4806,257794396,-,-,-,-,0,,,-,0,-,-,-,-,-,-,-,,,-,-,IP_OUT,-,-,-,R,L,-,,1,1,1,0.3621371428571431,0.9907905882352941,1:28,223.8,-45.4,60.1,-5.86,-3.87,-0.37,-4.56,12.7,-,11.1,-,-,6.38,Ozmer,Serna,Sinker,Strike Looking,89.1,2447.8,-,-,91.2%
2025-05-20 01:00:00,Top 9,0-1,2,01d77380-359d-11f0-a93f-c16a47c07950,20250520-HooverMetropolitan-1,257794396-pix-682e06ef982b80da2c766164-8323-8332,4806,257794396,-,-,-,-,0,,,-,0,-,-,-,-,-,-,-,,,-,-,IP_OUT,-,-,-,R,L,-,,1,1,1,0.13244571428571408,-2.1537882352941176,3:32,286.1,-47.5,55.8,-3.34,-1.96,1.74,-6.36,-0.9,-,7.6,-,-,6.48,Ozmer,Serna,Changeup,Ball,79.9,1356.2,-,-,0.0%
2025-05-20 01:00:00,Top 9,1-1,2,0ee399a0-359d-11f0-a93f-c16a47c07950,20250520-HooverMetropolitan-1,257794396-pix-682e06ef982b80da2c766164-8340-8354,4806,257794396,-,-,-,-,0,,,-,0,-,-,-,-,-,-,-,,,-,-,IP_OUT,-,-,-,R,L,-,,1,1,1,-0.6189600000000001,-0.4835717647058823,1:46,233.2,-44.7,60.1,-5.06,-2.26,-1.37,-5.40,12.7,-,15.6,-,-,6.27,Ozmer,Serna,Sinker,Strike Swinging,89.8,2388.4,-,-,96.9%
2025-05-20 01:00:00,Top 9,1-2,2,24af2100-359d-11f0-a93f-c16a47c07950,20250520-HooverMetropolitan-1,257794396-pix-682e06ef982b80da2c766164-8379-8391,4806,257794396,-,-,-,-,0,,,-,0,-,-,-,-,-,-,-,,,-,-,IP_OUT,-,-,-,R,L,-,,1,1,1,1.5354857142857143,-0.9465458823529411,1:14,216.9,-38.5,69.3,-3.72,-1.78,-0.51,-3.84,15.4,-,10.8,-,-176.8,6.17,Ozmer,Serna,Fastball,Foul,91.7,2381.1,79.7,5.6,2.5%
2025-05-20 01:00:00,Top 9,1-2,2,344f5f80-359d-11f0-a93f-c16a47c07950,20250520-HooverMetropolitan-1,257794396-pix-682e06ef982b80da2c766164-8405-8417,4806,257794396,-,-,-,-,0,,,-,0,-,-,-,-,-,-,-,,,-,-,IP_OUT,-,-,-,R,L,-,,1,1,1,2.147588571428571,-1.0304611764705882,1:02,210.8,-36.9,69.6,-3.32,-1.74,0.04,-3.30,16.0,-,8.8,-,-,5.97,Ozmer,Serna,Fastball,Ball,91.7,2507.7,-,-,0.0%
2025-05-20 01:00:00,Top 9,2-2,2,3fda8af0-359d-11f0-a93f-c16a47c07950,20250520-HooverMetropolitan-1,257794396-pix-682e06ef982b80da2c766164-8426-8443,4806,257794396,0.69,-0.34,-,3.35,0,,,-,0,-,-,-,-,41.3,5.89s,-,,,.026,-41.0,IP_OUT,.031,.004,.027,R,L,-,7/F,1,1,1,0.6409599999999998,-0.27503999999999995,1:18,219.2,-45.4,61.2,-4.72,-3.05,-0.33,-4.28,12.4,205.8,9.3,205.8,-22.5,6.32,Ozmer,Serna,Sinker,Pop Out,91.1,2559.8,84.7,60.8,95.4%
2025-05-20 01:00:00,Top 9,0-0,1,d37eacb0-359c-11f0-a93f-c16a47c07950,20250520-HooverMetropolitan-1,257794396-pix-682e06ef982b80da2c766164-8244-8254,4806,257794396,-,-,-,-,0,,,-,0,-,-,-,-,-,-,-,,,-,-,IP_OUT,-,-,-,R,L,-,,1,1,1,1.0604799999999999,-3.0137223529411767,2:34,257.0,-47.5,56.2,-2.47,-1.52,2.33,-5.31,2.5,-,5.2,-,-,6.67,Ozmer,Nicoletto,Changeup,Ball,79.1,1582.6,-,-,0.0%
2025-05-20 01:00:00,Top 9,1-0,1,dd56f800-359c-11f0-a93f-c16a47c07950,20250520-HooverMetropolitan-1,257794396-pix-682e06ef982b80da2c766164-8260-8275,4806,257794396,0.44,0.52,-,2.97,0,,,-,0,-,-,-,-,74.6,1.37s,-,,,.493,36.1,IP_OUT,.560,.006,.554,R,L,-,3/L,1,1,1,0.6198514285714286,0.6491999999999999,1:32,225.9,-45.8,59.5,-5.63,-3.65,0.00,-4.34,11.8,132.6,11.0,132.6,31.8,6.39,Ozmer,Nicoletto,Sinker,Line Out,89.1,2397.4,76.3,12.1,94.2%
2025-05-20 01:00:00,Top 9,0-0,0,0a594c00-359c-11f0-a93f-c16a47c07950,20250520-HooverMetropolitan-1,257794396-pix-682e06ef982b80da2c766164-7899-7910,4806,257794396,-,-,-,-,0,,,-,0,-,-,-,-,-,-,-,,,-,-,K,-,-,-,R,L,-,,,,,,,-,-,-,-,-,-,-,-,-,-,-,-,-,-,Ozmer,Patterson,Sinker,Strike Looking,-,-,-,-,-
2025-05-20 01:00:00,Top 9,0-1,0,11abafc0-359c-11f0-a93f-c16a47c07950,20250520-HooverMetropolitan-1,257794396-pix-682e06ef982b80da2c766164-7915-7928,4806,257794396,-,-,-,-,0,,,-,0,-,-,-,-,-,-,-,,,-,-,K,-,-,-,R,L,-,,,,,-1.6675771428571429,-1.7840188235294117,8:57,88.5,-47.6,52.3,-1.53,-4.25,0.99,-8.29,1.2,-,-15.3,-,-,5.46,Ozmer,Patterson,Slider,Ball,73.8,2342.5,-,-,1.8%
2025-05-20 01:00:00,Top 9,1-1,0,1ddcdf30-359c-11f0-a93f-c16a47c07950,20250520-HooverMetropolitan-1,257794396-pix-682e06ef982b80da2c766164-7937-7949,4806,257794396,-,-,-,-,0,,,-,0,-,-,-,-,-,-,-,,,-,-,K,-,-,-,R,L,-,,,,,0.34626285714285693,2.1667341176470587,1:42,231.0,-43.5,59.0,-6.79,-4.40,-0.25,-4.49,11.8,-,13.3,-,-,6.44,Ozmer,Patterson,Sinker,Ball,89.4,2479.9,-,-,0.0%
2025-05-20 01:00:00,Top 9,2-1,0,2939ceb0-359c-11f0-a93f-c16a47c07950,20250520-HooverMetropolitan-1,257794396-pix-682e06ef982b80da2c766164-7955-7967,4806,257794396,-,-,-,-,0,,,-,0,-,-,-,-,-,-,-,,,-,-,K,-,-,-,R,L,-,,,,,0.3443085714285716,1.1954117647058824,1:48,234.1,-44.4,59.2,-6.18,-3.65,-0.25,-4.55,11.3,-,14.1,-,-,6.23,Ozmer,Patterson,Sinker,Strike Looking,90.3,2413.0,-,-,57.2%
2025-05-20 01:00:00,Top 9,2-2,0,365fe570-359c-11f0-a93f-c16a47c07950,20250520-HooverMetropolitan-1,257794396-pix-682e06ef982b80da2c766164-7976-7990,4806,257794396,-,-,-,-,0,,,-,0,-,-,-,-,-,-,-,,,-,-,K,-,-,-,R,L,-,,,,,-0.8198057142857144,3.467957647058823,8:45,82.4,-43.8,53.5,-4.62,-8.41,1.76,-7.74,-1.1,-,-21.4,-,-,5.64,Ozmer,Patterson,Slider,Ball,75.4,2496.1,-,-,0.0%
2025-05-20 01:00:00,Top 9,3-2,0,41f39c60-359c-11f0-a93f-c16a47c07950,20250520-HooverMetropolitan-1,257794396-pix-682e06ef982b80da2c766164-7999-8010,4806,257794396,-,-,-,-,0,,,-,0,-,-,-,-,-,-,-,,,.000,-,K,.000,.000,.000,R,L,-,K/C,,,,-0.41961142857142875,1.4936188235294117,2:01,240.7,-44.5,58.8,-6.64,-3.67,-0.81,-5.37,10.5,-,16.6,-,-,6.30,Ozmer,Patterson,Sinker,Strikeout (Looking),89.7,2428.1,-,-,24.7%